coordinates,Power generated,Power capacity,KVlevels,color,generation name,number of buses,generation type
POINT (-119.908 46.6451),463.52,463.52,"{138.0, 13.8, 13.2, 18.0, 20.0, 24.0, 345.0, 765.0}",blue,MATTAWA 2,10,hydro
POINT (-120.3475 45.8131),59.72,59.72,"{138.0, 13.8}",green,ROOSEVELT 1,3,wind
POINT (-122.1097 46.4661),48.57,48.57,"{1.0, 138.0, 13.2}",blue,RANDLE,4,hydro
POINT (-120.6872 47.1356),79.42,79.42,"{345.0, 138.0, 13.8}",green,CLE ELUM 2,5,wind
POINT (-120.8072 45.8797),136.3,136.3,"{138.0, 18.0}",green,GOLDENDALE 2,5,wind
POINT (-120.2953 47.5336),858.5799999999999,858.5799999999999,"{138.0, 13.8, 18.0, 345.0, 765.0}",blue,WENATCHEE 3,10,hydro
POINT (-120.0917 47.3461),329.52,329.52,"{1.0, 138.0, 13.8, 18.0, 20.0, 22.0, 345.0, 765.0}",blue,WENATCHEE 4,11,hydro
POINT (-121.8144 47.9084),44.269999999999996,44.269999999999996,"{345.0, 138.0}",blue,SULTAN 2,2,hydro
POINT (-123.1603 47.3698),9.83,9.83,"{345.0, 138.0, 13.8, 1.0}",blue,SHELTON 3,4,hydro
POINT (-122.3657 47.0861),317.0,318.3,"{138.0, 13.8, 24.0, 345.0, 765.0}",orange,TACOMA 19,5,ng
POINT (-122.2017 46.0608),144.23000000000002,144.23000000000002,"{138.0, 13.8, 20.0, 22.0, 345.0, 765.0}",blue,COUGAR 1,6,hydro
POINT (-120.1819 46.9547),66.35,66.35,"{138.0, 18.0}",green,ELLENSBURG 3,2,wind
POINT (-119.6404 47.9951),1359.45,1359.45,"{138.0, 13.8, 22.0, 345.0, 765.0}",blue,BRIDGEPORT,9,hydro
POINT (-122.5885 46.5035),109.94,109.94,"{345.0, 138.0}",blue,SILVER CREEK 1,2,hydro
POINT (-121.7407 48.5478),55.6,55.6,"{345.0, 138.0}",blue,CONCRETE 1,2,hydro
POINT (-122.4056 45.5847),0.0,0.0,"{345.0, 138.0}",yellow,CAMAS 3,6,solar
POINT (-118.0269 46.4211),212.51,212.51,"{345.0, 138.0, 13.8}",green,DAYTON 2,3,wind
POINT (-121.2086 48.6981),134.82,134.82,"{345.0, 138.0, 18.0, 13.8}",blue,ROCKPORT 1,6,hydro
POINT (-122.4331 48.4481),14.32,14.32,"{138.0, 18.0}",yellow,MOUNT VERNON 4,3,solar
POINT (-117.4206 47.6536),22.83,22.83,{138.0},blue,SPOKANE 20,3,hydro
POINT (-122.9184 46.1039),41.32,41.32,"{138.0, 18.0, 13.8}",yellow,LONGVIEW 3,3,solar
POINT (-122.486 48.746),130.51999999999998,130.51999999999998,"{345.0, 138.0}",yellow,BELLINGHAM 7,5,solar
POINT (-117.3644 47.1558),58.2,58.2,"{345.0, 138.0, 20.0}",green,ROSALIA,5,wind
POINT (-122.56 48.4708),124.59,125.10000000000001,"{138.0, 13.8, 18.0, 22.0, 345.0}",orange,ANACORTES 2,6,ng
POINT (-120.5212 45.7818),82.34,82.34,{138.0},green,GOLDENDALE 3,1,wind
POINT (-121.6878 47.4446),22.22,22.22,"{1.0, 138.0, 13.8}",blue,KIRKLAND 5,4,hydro
POINT (-121.1317 48.7139),107.97000000000001,107.97000000000001,"{138.0, 13.8}",blue,ROCKPORT 2,3,hydro
POINT (-119.3339 46.4711),1195.12,1200.0,"{345.0, 138.0, 13.8, 765.0}",red,RICHLAND 4,5,nuclear
POINT (-122.3355 45.9628),56.32,56.32,"{345.0, 138.0, 22.0, 1.0}",blue,AMBOY,4,hydro
POINT (-118.1111 48.6203),50.7,50.7,"{345.0, 138.0}",yellow,KETTLE FALLS 2,3,solar
POINT (-120.2355 45.9215),0.0,0.0,"{138.0, 13.8}",green,BICKLETON 1,4,wind
POINT (-117.4294 46.6595),615.12,615.12,"{1.0, 138.0, 13.8, 18.0, 20.0, 22.0, 24.0, 345.0, 765.0}",blue,POMEROY 1,12,hydro
POINT (-122.365 47.0797),177.08,177.8,{138.0},orange,TACOMA 20,2,ng
POINT (-122.4283 47.2661),45.58,45.58,"{345.0, 138.0, 18.0, 1.0}",yellow,TACOMA 21,4,solar
POINT (-122.3196 46.8328),38.66,38.66,"{345.0, 138.0}",blue,LAKEBAY 2,2,hydro
POINT (-118.8798 46.2498),529.13,529.13,"{138.0, 13.8, 18.0, 24.0, 345.0, 765.0}",blue,BURBANK 2,12,hydro
POINT (-122.8598 46.7559),322.89,729.9,"{345.0, 138.0, 13.8, 765.0}",gray,CENTRALIA 2,6,coal
POINT (-122.4247 46.5347),214.57,214.57,"{345.0, 138.0, 18.0, 13.8}",blue,SILVER CREEK 2,4,hydro
POINT (-121.7819 47.4193),22.509999999999998,22.509999999999998,"{138.0, 18.0}",blue,NORTH BEND 2,2,hydro
POINT (-117.5372 47.7697),10.0,10.0,"{138.0, 22.0}",blue,NINE MILE FALLS 2,2,hydro
POINT (-117.3705 47.7351),61.55,61.8,"{345.0, 138.0, 13.8}",orange,SPOKANE 21,3,ng
POINT (-120.0133 47.8347),21.91,21.91,{138.0},blue,WENATCHEE 5,1,hydro
POINT (-118.0273 46.5838),370.94,370.94,"{1.0, 138.0, 13.8, 18.0, 22.0, 345.0, 765.0}",blue,DAYTON 3,13,hydro
POINT (-122.2733 48.9905),87.44,87.8,"{345.0, 138.0, 18.0, 13.8}",orange,SUMAS,5,ng
POINT (-122.4358 48.4558),374.48,376.0,"{138.0, 13.2, 13.8, 18.0, 345.0, 765.0}",orange,BURLINGTON 2,7,ng
POINT (-119.2917 47.5025),36.21,36.21,"{345.0, 138.0, 13.8}",blue,COULEE CITY 1,4,hydro
POINT (-120.3039 45.9192),37.13,37.13,"{138.0, 13.8}",green,BICKLETON 2,2,wind
POINT (-119.9703 46.8731),338.56,338.56,"{138.0, 13.2, 13.8, 18.0, 24.0, 345.0, 765.0}",blue,BEVERLY,11,hydro
POINT (-121.0679 48.7326),206.29000000000002,206.29000000000002,"{138.0, 13.8, 18.0, 22.0, 345.0, 765.0}",blue,ROCKPORT 3,7,hydro
POINT (-122.6861 48.8288),168.52,169.2,{138.0},orange,BLAINE 2,1,ng
POINT (-121.7833 47.6992),23.32,23.32,"{138.0, 18.0}",blue,NORTH BEND 3,4,hydro
POINT (-122.9131 46.6225),551.01,698.01,"{345.0, 138.0, 13.8}",orange,CHEHALIS 2,5,ng
POINT (-120.7836 45.7442),50.0,50.0,{138.0},green,GOLDENDALE 4,1,wind
POINT (-122.2594 46.0594),72.0,72.0,{138.0},blue,COUGAR 2,3,hydro
POINT (-123.7739 46.9728),29.84,29.84,"{138.0, 18.0, 13.8}",yellow,ABERDEEN 2,4,solar
POINT (-118.5397 46.5635),576.58,576.58,"{138.0, 13.8, 18.0, 24.0, 345.0, 765.0}",blue,KAHLOTUS,9,hydro
POINT (-121.8414 47.5445),0.0,0.0,"{138.0, 18.0}",blue,FALL CITY 2,3,hydro
POINT (-122.5544 45.9567),49.15,49.15,"{345.0, 138.0, 13.8}",blue,ARIEL,4,hydro
POINT (-120.8339 45.7269),221.29,221.29,"{345.0, 138.0, 20.0}",green,CENTERVILLE 1,4,wind
POINT (-117.8217 46.5242),0.0,0.0,"{1.0, 138.0, 13.8, 18.0, 345.0}",green,POMEROY 2,5,wind
POINT (-121.5694 46.5958),25.400000000000002,25.400000000000002,{138.0},blue,PACKWOOD,2,hydro
POINT (-117.5042 47.6263),0.0,0.0,"{138.0, 13.8}",orange,SPOKANE 22,2,ng
POINT (-117.8361 47.8344),48.16,48.16,"{345.0, 138.0, 18.0}",blue,FORD 1,4,hydro
POINT (-119.0964 46.0958),95.9,95.9,"{345.0, 138.0, 13.8, 1.0}",green,KENNEWICK 6,5,wind
POINT (-120.2065 47.0363),189.61,189.61,"{345.0, 138.0, 13.8, 22.0}",green,ELLENSBURG 4,4,wind
POINT (-120.2896 45.8877),199.0,199.0,"{345.0, 138.0, 13.8}",green,BICKLETON 3,3,wind
POINT (-123.48 46.9692),647.37,650.01,"{138.0, 18.0, 20.0, 22.0, 345.0, 765.0}",orange,ELMA 2,6,ng
POINT (-117.4183 48.7809),20.62,20.62,"{138.0, 18.0, 13.8}",blue,IONE 1,5,hydro
POINT (-122.3102 46.8016),41.510000000000005,41.510000000000005,"{138.0, 18.0}",blue,LAKEBAY 3,3,hydro
POINT (-120.833 45.8114),283.14,284.3,"{1.0, 138.0, 13.8, 20.0, 345.0, 765.0}",orange,GOLDENDALE 5,7,ng
POINT (-123.2252 47.4181),43.870000000000005,43.870000000000005,"{24.0, 138.0, 18.0}",blue,SHELTON 4,4,hydro
POINT (-118.9773 47.9575),3695.44,3695.44,"{138.0, 13.8, 18.0, 20.0, 22.0, 345.0, 765.0}",blue,GRAND COULEE,16,hydro
POINT (-122.6867 48.8288),284.34000000000003,285.51,"{1.0, 138.0, 13.8, 13.2, 18.0, 24.0, 345.0}",orange,FERNDALE 2,8,ng
POINT (-122.9728 46.1236),22.56,22.56,{138.0},yellow,LONGVIEW 4,2,solar
POINT (-121.6907 48.649),47.449999999999996,47.449999999999996,{138.0},blue,CONCRETE 2,1,hydro
POINT (-117.3478 48.9871),261.22,261.22,"{138.0, 13.8, 18.0, 22.0, 345.0, 765.0}",blue,METALINE FALLS,9,hydro
POINT (-119.2992 47.6164),22.81,22.81,{138.0},blue,COULEE CITY 2,1,hydro
POINT (-122.7256 45.6497),246.99,248.0,"{345.0, 138.0, 13.8}",orange,VANCOUVER 18,3,ng
POINT (-117.8331 46.4211),96.25,96.25,"{138.0, 18.0, 20.0}",green,DAYTON 4,3,wind
POINT (-117.9167 47.8217),18.740000000000002,18.740000000000002,{138.0},blue,FORD 2,2,hydro
POINT (-117.7772 46.3747),210.6,210.6,"{1.0, 138.0, 13.8, 18.0, 345.0}",green,DAYTON 5,6,wind
POINT (-119.1139 46.3069),11.35,11.4,{138.0},orange,PASCO 3,1,ng
POINT (-118.917 46.06),130.66,130.66,"{345.0, 138.0, 13.8}",green,TOUCHET,4,wind
POINT (-120.3419 45.8155),204.0,204.0,"{345.0, 138.0, 13.8}",green,ROOSEVELT 2,3,wind
POINT (-122.9855 46.1388),317.7,319.0,"{345.0, 138.0, 18.0, 13.8}",orange,LONGVIEW 5,4,ng
POINT (-119.8653 47.9469),390.6,390.6,"{138.0, 13.8, 24.0, 345.0, 765.0}",blue,PATEROS,9,hydro
POINT (-122.0414 44.286),102.38,102.38,"{345.0, 138.0, 13.8, 1.0}",blue,BLUE RIVER,5,hydro
POINT (-120.125 45.7119),98.7,98.7,{138.0},green,ARLINGTON 3,1,wind
POINT (-122.0703 42.0936),94.52000000000001,94.52000000000001,"{345.0, 138.0}",blue,KENO,3,hydro
POINT (-123.1719 46.1789),137.32,137.88,{138.0},orange,CLATSKANIE 2,2,ng
POINT (-118.8162 46.0128),86.5,86.5,"{345.0, 138.0, 13.8}",green,HELIX 1,3,wind
POINT (-120.2098 45.6525),100.5,100.5,"{138.0, 18.0}",green,ARLINGTON 4,3,wind
POINT (-119.2988 45.9402),697.27,697.27,"{1.0, 138.0, 13.8, 18.0, 345.0, 765.0}",blue,UMATILLA 2,11,hydro
POINT (-117.8163 45.0852),0.0,0.0,"{345.0, 138.0, 20.0}",green,UNION 2,3,wind
POINT (-120.5042 45.5836),297.5,297.5,"{24.0, 345.0, 138.0, 13.8}",green,WASCO 1,4,wind
POINT (-122.2511 44.7224),37.31,37.31,"{345.0, 138.0}",blue,LOWELL 1,4,hydro
POINT (-122.9627 45.2879),43.9,43.9,"{1.0, 138.0, 13.8}",yellow,NEWBERG 3,4,solar
POINT (-120.6941 45.7164),1372.16,1372.16,"{138.0, 13.8, 13.2, 18.0, 345.0, 765.0}",blue,THE DALLES 2,10,hydro
POINT (-119.3133 45.794),686.61,689.4000000000001,"{138.0, 13.8, 18.0, 345.0, 765.0}",orange,HERMISTON 3,6,ng
POINT (-123.4066 46.154),29.35,29.35,{138.0},yellow,CLATSKANIE 3,1,solar
POINT (-122.4238 43.7107),19.11,19.11,{138.0},blue,LOWELL 2,1,hydro
POINT (-120.2794 45.2766),44.14,44.14,"{138.0, 13.8}",green,CONDON,2,wind
POINT (-120.6034 45.6537),409.58,409.58,"{345.0, 138.0, 18.0, 13.8}",green,WASCO 2,6,wind
POINT (-121.8144 42.1727),58.56,58.8,{138.0},orange,KLAMATH FALLS 4,1,ng
POINT (-121.2773 44.6058),192.24,192.24,"{138.0, 13.8, 18.0, 345.0, 765.0}",blue,MADRAS 2,6,hydro
POINT (-120.5744 45.52),60.82,60.82,"{138.0, 18.0}",green,MORO,3,wind
POINT (-122.2439 44.1307),22.9,22.9,"{1.0, 138.0, 13.8}",blue,LOWELL 3,5,hydro
POINT (-119.37 45.8042),618.68,621.2,"{345.0, 138.0, 18.0, 13.8}",orange,HERMISTON 4,6,ng
POINT (-116.835 44.9716),80.50999999999999,80.50999999999999,"{345.0, 138.0, 18.0, 1.0}",blue,OXBOW 1,5,hydro
POINT (-123.4156 43.0895),31.92,31.92,"{345.0, 138.0}",yellow,DEXTER 2,2,solar
POINT (-119.6739 45.848),265.22,266.3,"{138.0, 13.8}",orange,BOARDMAN 2,4,ng
POINT (-121.8106 42.1739),332.98,334.34,"{1.0, 138.0, 13.8, 18.0, 22.0, 345.0, 765.0}",orange,KLAMATH FALLS 5,8,ng
POINT (-122.9555 44.0569),37.290000000000006,37.290000000000006,"{1.0, 138.0, 13.8, 13.2, 345.0}",yellow,SPRINGFIELD 5,7,solar
POINT (-120.3183 45.6758),69.48,69.48,"{138.0, 20.0}",green,ARLINGTON 5,2,wind
POINT (-123.9319 44.6119),18.65,18.65,"{345.0, 138.0}",yellow,TOLEDO 2,2,solar
POINT (-118.66 45.9362),18.44,18.44,{138.0},green,HELIX 2,1,wind
POINT (-119.9914 45.6533),72.0,72.0,{138.0},green,IONE 2,2,wind
POINT (-122.0699 45.122),55.589999999999996,55.589999999999996,"{138.0, 13.8}",blue,ESTACADA 2,4,hydro
POINT (-122.7531 43.9153),90.5,90.5,"{138.0, 13.8, 18.0, 24.0, 345.0, 765.0}",blue,LOWELL 4,9,hydro
POINT (-120.2008 45.7167),103.0,103.0,"{138.0, 13.8}",green,ARLINGTON 6,3,wind
POINT (-122.28 45.2433),14.62,14.62,"{345.0, 138.0}",blue,ESTACADA 3,2,hydro
POINT (-116.7008 45.2439),203.7,203.7,"{138.0, 13.2, 18.0, 345.0, 765.0}",blue,OXBOW 2,6,hydro
POINT (-122.4728 43.2939),23.86,23.86,{138.0},blue,IDLEYLD PARK 1,1,hydro
POINT (-122.4098 43.2669),12.17,12.17,"{1.0, 138.0, 13.8}",blue,IDLEYLD PARK 2,4,hydro
POINT (-118.5914 45.8992),65.41,65.41,"{138.0, 13.8}",green,ATHENA,6,wind
POINT (-122.514 42.7312),21.259999999999998,21.259999999999998,"{138.0, 13.8}",blue,PROSPECT,3,hydro
POINT (-119.4181 45.7286),7.52,7.52,{138.0},green,ECHO,2,wind
POINT (-120.2598 45.651),171.49,171.49,"{345.0, 138.0, 13.8}",green,ARLINGTON 7,4,wind
POINT (-121.1346 45.614),779.5999999999999,779.5999999999999,"{1.0, 138.0, 13.8, 22.0, 24.0, 345.0, 765.0}",blue,THE DALLES 3,12,hydro
POINT (-122.85 42.4361),20.33,20.33,{138.0},yellow,WHITE CITY 2,1,solar
POINT (-122.2494 43.3558),32.0,32.0,{138.0},blue,IDLEYLD PARK 3,1,hydro
POINT (-120.48 45.51),94.34,94.34,{138.0},green,WASCO 3,3,wind
POINT (-118.591 45.943),84.1,84.1,"{1.0, 138.0, 13.8, 22.0, 345.0}",green,MILTON FREEWATER 2,8,wind
POINT (-123.1739 46.1724),534.8100000000001,537.0,"{345.0, 138.0, 765.0}",orange,CLATSKANIE 4,5,ng
POINT (-122.5494 44.4494),86.25,86.25,"{345.0, 138.0, 13.8, 1.0}",blue,LOWELL 5,5,hydro
POINT (-122.6772 42.6717),43.760000000000005,43.760000000000005,{138.0},blue,TRAIL,1,hydro
POINT (-122.4475 43.2727),31.22,31.22,"{345.0, 138.0, 13.8, 13.2}",blue,IDLEYLD PARK 4,4,hydro
POINT (-120.593 45.571),71.64,71.64,"{138.0, 18.0, 13.8}",green,WASCO 4,3,wind
POINT (-121.2314 44.6944),57.75,57.75,{138.0},blue,MADRAS 3,1,hydro
POINT (-122.0832 45.4817),13.79,13.79,"{138.0, 22.0}",blue,SANDY 2,2,hydro
POINT (-121.941 45.6441),513.77,513.77,"{138.0, 13.8, 18.0, 24.0, 345.0, 765.0}",blue,CASCADE LOCKS,9,hydro
POINT (-119.674 45.848),142.92,143.5,"{345.0, 138.0, 18.0, 13.8}",orange,BOARDMAN 3,4,ng
POINT (-122.4025 43.2806),38.5,38.5,"{138.0, 13.8}",blue,IDLEYLD PARK 5,2,hydro
POINT (-120.1739 45.2881),459.24,459.24,"{138.0, 13.8, 18.0, 22.0, 345.0, 765.0}",green,ARLINGTON 8,6,wind
POINT (-117.4681 44.0231),33.72,33.72,{138.0},yellow,VALE 2,2,solar
POINT (-123.172 46.1789),481.04,483.0,"{1.0, 138.0, 13.8, 18.0, 345.0}",orange,CLATSKANIE 5,6,ng
POINT (-119.8088 45.6932),639.59,642.2,"{345.0, 138.0, 13.8, 765.0}",gray,BOARDMAN 4,5,coal
POINT (-120.3245 38.9827),72.7,72.7,"{345.0, 138.0, 13.8, 1.0}",blue,POLLOCK PINES 2,5,hydro
POINT (-121.3933 38.6527),76.69,77.0,"{345.0, 138.0}",orange,MCCLELLAN,3,ng
POINT (-121.8036 40.8981),42.41,42.41,"{345.0, 138.0, 20.0}",green,BURNEY 1,3,wind
POINT (-121.2494 40.0074),85.3,85.3,"{138.0, 13.8}",blue,BELDEN,2,hydro
POINT (-122.27 39.3661),738.0,741.01,"{138.0, 13.8, 18.0, 22.0, 24.0, 345.0, 765.0}",orange,MAXWELL,8,ng
POINT (-122.7195 38.752),0.0,0.0,{138.0},yellow,MIDDLETOWN 1,1,solar
POINT (-122.7677 38.8348),63.54,63.54,"{138.0, 13.8}",yellow,COBB,3,solar
POINT (-120.7874 38.7653),124.75,124.75,"{1.0, 138.0, 13.8, 13.2, 22.0, 345.0, 765.0}",blue,CAMINO,8,hydro
POINT (-121.9752 40.9923),124.72999999999999,124.72999999999999,"{138.0, 13.2, 20.0, 345.0, 765.0}",blue,MONTGOMERY CREEK 1,7,hydro
POINT (-121.7481 40.9974),33.87,33.87,{138.0},blue,BURNEY 2,1,hydro
POINT (-121.3452 39.9052),125.3,125.3,"{1.0, 138.0, 13.8, 18.0, 345.0}",blue,STRAWBERRY VALLEY 1,6,hydro
POINT (-121.4097 39.8259),68.80000000000001,68.80000000000001,{138.0},blue,STRAWBERRY VALLEY 2,1,hydro
POINT (-121.6961 39.0529),65.74,66.0,"{138.0, 18.0}",orange,YUBA CITY 5,4,ng
POINT (-120.5371 38.8288),159.22,159.22,"{345.0, 138.0, 13.8, 1.0}",blue,POLLOCK PINES 3,4,hydro
POINT (-121.3811 38.7928),163.32999999999998,164.01,"{345.0, 138.0, 13.8, 1.0}",orange,ROSEVILLE 7,4,ng
POINT (-121.0985 38.8899),23.22,23.22,"{138.0, 20.0, 13.8}",blue,AUBURN 9,4,hydro
POINT (-120.4443 38.8643),32.69,32.69,{138.0},blue,POLLOCK PINES 4,1,hydro
POINT (-122.2792 40.4283),48.14,48.14,"{138.0, 13.8}",yellow,ANDERSON 2,3,solar
POINT (-122.7626 40.7973),64.43,64.43,"{345.0, 138.0}",blue,REDDING 7,2,hydro
POINT (-121.8494 40.9864),79.87,79.87,{138.0},blue,BIG BEND 1,2,hydro
POINT (-121.4624 38.4457),124.97999999999999,125.5,"{345.0, 138.0}",orange,ELK GROVE 7,2,ng
POINT (-121.3277 39.9106),72.6,72.6,{138.0},blue,STRAWBERRY VALLEY 3,1,hydro
POINT (-120.2648 40.3683),0.0,0.0,"{138.0, 18.0}",yellow,WENDEL,3,solar
POINT (-121.85 38.12),0.0,0.0,"{345.0, 138.0, 13.8}",green,RIO VISTA 2,4,wind
POINT (-121.9908 40.8475),113.24000000000001,113.24000000000001,"{138.0, 13.8, 18.0, 20.0, 345.0}",blue,MONTGOMERY CREEK 2,7,hydro
POINT (-121.2704 39.239),50.62,50.62,{138.0},blue,BROWNS VALLEY,2,hydro
POINT (-121.1494 40.086),58.95,58.95,"{345.0, 138.0, 18.0, 13.8}",blue,MEADOW VALLEY 1,5,hydro
POINT (-121.4698 39.7229),115.84,115.84,"{345.0, 138.0}",blue,STRAWBERRY VALLEY 4,3,hydro
POINT (-121.2041 39.5538),63.8,63.8,"{138.0, 18.0, 13.8}",blue,FORBESTOWN 1,3,hydro
POINT (-121.1482 40.0855),39.75,39.75,{138.0},blue,MEADOW VALLEY 2,2,hydro
POINT (-122.4223 40.7175),352.61,352.61,"{138.0, 13.8, 24.0, 345.0, 765.0}",blue,REDDING 8,9,hydro
POINT (-121.1584 38.7067),175.57,175.57,"{345.0, 138.0, 13.8, 1.0}",blue,FOLSOM 3,4,hydro
POINT (-121.7371 38.6905),0.0,0.0,"{345.0, 138.0, 22.0, 1.0}",yellow,WOODLAND 5,5,solar
POINT (-120.3783 38.8965),30.439999999999998,30.439999999999998,"{1.0, 138.0, 13.8}",blue,POLLOCK PINES 5,5,hydro
POINT (-120.767 39.2574),12.780000000000001,12.780000000000001,"{345.0, 138.0, 20.0, 1.0}",blue,ALTA 1,5,hydro
POINT (-122.3581 41.9757),52.9,52.9,"{345.0, 138.0}",blue,HORNBROOK,3,hydro
POINT (-120.5964 39.0248),105.5,105.5,"{345.0, 138.0, 18.0, 1.0}",blue,FORESTHILL 2,5,hydro
POINT (-121.6959 39.0531),422.28,424.0,"{1.0, 138.0, 13.8, 345.0, 765.0}",orange,YUBA CITY 6,9,ng
POINT (-124.1949 40.8054),58.64,58.64,{138.0},yellow,SAMOA,2,solar
POINT (-120.8352 39.2184),12.95,12.95,"{138.0, 13.8}",blue,DUTCH FLAT,2,hydro
POINT (-121.4922 39.543),298.85,298.85,"{138.0, 13.8, 18.0, 345.0, 765.0}",blue,OROVILLE 5,10,hydro
POINT (-122.7117 38.7492),106.04999999999998,106.04999999999998,"{138.0, 18.0, 13.8}",yellow,MIDDLETOWN 2,4,solar
POINT (-122.7219 38.7881),0.0,0.0,{138.0},yellow,MIDDLETOWN 3,2,solar
POINT (-121.6397 39.1365),49.3,49.5,"{345.0, 138.0}",orange,YUBA CITY 7,2,ng
POINT (-120.7251 39.001),53.93,53.93,{138.0},blue,FORESTHILL 3,1,hydro
POINT (-121.6093 39.1093),46.81,47.0,"{138.0, 18.0}",orange,YUBA CITY 8,4,ng
POINT (-121.6387 39.1392),47.11,47.3,"{138.0, 13.8}",orange,YUBA CITY 9,3,ng
POINT (-122.4464 40.6119),59.39,59.39,{138.0},blue,REDDING 9,1,hydro
POINT (-122.7434 38.7879),116.51,116.51,{138.0},yellow,MIDDLETOWN 4,2,solar
POINT (-121.124 38.3385),527.8499999999999,530.01,"{138.0, 13.8, 18.0, 22.0, 345.0, 765.0}",orange,HERALD,6,ng
POINT (-121.6398 39.1367),48.8,49.0,{138.0},orange,YUBA CITY 10,1,ng
POINT (-121.1907 40.1757),40.0,40.0,{138.0},blue,MEADOW VALLEY 3,1,hydro
POINT (-122.7559 38.7903),78.0,78.0,"{138.0, 13.8}",yellow,MIDDLETOWN 5,2,solar
POINT (-121.7203 40.8797),53.99,53.99,{138.0},yellow,BURNEY 3,1,solar
POINT (-122.4675 40.6281),53.69,53.69,"{345.0, 138.0, 13.8}",blue,REDDING 10,4,hydro
POINT (-122.627 40.6469),130.42000000000002,130.42000000000002,"{24.0, 345.0, 138.0, 13.8}",blue,REDDING 11,4,hydro
POINT (-122.745 38.777),733.7099999999999,733.7099999999999,"{138.0, 13.8, 18.0, 345.0, 765.0}",yellow,MIDDLETOWN 6,10,solar
POINT (-121.9929 40.9226),76.28999999999999,76.28999999999999,{138.0},blue,MONTGOMERY CREEK 3,2,hydro
POINT (-120.9092 39.9412),38.440000000000005,38.440000000000005,{138.0},yellow,QUINCY 3,1,solar
POINT (-122.4233 40.5073),121.57,122.06,"{1.0, 138.0, 13.8, 18.0, 345.0}",orange,REDDING 12,7,ng
POINT (-120.8909 39.1779),47.39,47.39,"{1.0, 138.0, 13.8}",blue,COLFAX 3,4,hydro
POINT (-121.4001 38.5309),99.2,99.6,"{1.0, 138.0, 13.8, 345.0, 765.0}",orange,SACRAMENTO 36,6,ng
POINT (-121.3097 38.9032),51.91,51.91,"{138.0, 18.0, 13.8}",yellow,LINCOLN 3,5,solar
POINT (-121.6301 39.5149),47.91,47.91,{138.0},blue,OROVILLE 6,1,hydro
POINT (-121.2788 39.551),0.0,0.0,"{138.0, 13.8}",blue,FORBESTOWN 2,3,hydro
POINT (-121.4735 38.511),173.2,173.9,{138.0},orange,SACRAMENTO 37,2,ng
POINT (-121.4982 40.9908),64.88000000000001,64.88000000000001,"{345.0, 138.0}",blue,BURNEY 4,3,hydro
POINT (-122.2014 40.1519),23.1,23.19,{138.0},orange,RED BLUFF 3,2,ng
POINT (-124.2103 40.7415),138.6,139.14999999999998,"{345.0, 138.0, 765.0}",orange,EUREKA 3,4,ng
POINT (-120.7674 39.2569),22.64,22.64,{138.0},blue,ALTA 2,1,hydro
POINT (-121.9776 40.9862),101.84,101.84,"{138.0, 13.8}",blue,BIG BEND 2,4,hydro
POINT (-120.5318 38.834),121.94,121.94,"{138.0, 13.8, 22.0}",blue,POLLOCK PINES 6,3,hydro
POINT (-121.1917 39.3308),124.18,124.18,"{345.0, 138.0, 18.0, 13.8}",blue,DOBBINS,4,hydro
POINT (-121.765 38.0169),824.64,828.0,"{138.0, 13.8, 13.2, 18.0, 345.0, 765.0}",orange,ANTIOCH 5,7,ng
POINT (-121.769 38.1164),168.61,168.61,"{138.0, 13.8, 18.0, 20.0, 345.0}",green,BIRDS LANDING 1,7,wind
POINT (-121.8439 38.0169),704.76,707.64,"{1.0, 138.0, 13.8, 18.0, 345.0}",orange,PITTSBURG 4,8,ng
POINT (-121.6516 37.7341),338.78999999999996,338.78999999999996,"{345.0, 138.0, 18.0, 13.8}",green,LIVERMORE 5,6,wind
POINT (-121.7587 38.0175),617.1899999999999,619.71,"{345.0, 138.0, 13.8}",orange,ANTIOCH 6,6,ng
POINT (-121.9508 37.3767),166.80999999999997,167.49,"{345.0, 138.0}",orange,SANTA CLARA 6,3,ng
POINT (-121.7963 37.2444),55.08,55.3,"{138.0, 13.8}",gray,SAN JOSE 45,2,coal
POINT (-122.1763 37.4298),52.58,52.8,"{1.0, 138.0, 13.8, 18.0, 345.0}",orange,STANFORD 2,7,ng
POINT (-121.5367 37.0001),64.74,65.0,{138.0},orange,GILROY 3,2,ng
POINT (-121.8945 38.0392),719.52,935.94,"{1.0, 138.0, 13.8, 345.0, 765.0}",orange,PITTSBURG 5,8,ng
POINT (-121.873 38.0301),675.54,678.3,"{345.0, 138.0, 13.8, 22.0}",orange,PITTSBURG 6,5,ng
POINT (-122.2344 38.0181),0.0,0.0,{138.0},yellow,RODEO 1,1,solar
POINT (-121.8433 38.2268),140.43,141.0,"{345.0, 138.0}",orange,SUISUN CITY 3,5,ng
POINT (-121.6019 37.7892),149.10000000000002,149.7,"{345.0, 138.0, 13.8}",orange,BYRON,4,ng
POINT (-122.2819 37.7968),148.4,149.0,"{1.0, 138.0, 13.8, 18.0, 345.0}",gray,OAKLAND 19,9,coal
POINT (-121.924 38.3989),60.25,60.5,{138.0},orange,VACAVILLE 5,2,ng
POINT (-121.7907 38.0144),46.81,47.0,{138.0},orange,ANTIOCH 7,1,ng
POINT (-121.8053 38.1381),185.44,185.44,"{345.0, 138.0}",green,BIRDS LANDING 2,3,wind
POINT (-121.8461 38.1711),110.83,110.83,"{345.0, 138.0, 13.8}",green,BIRDS LANDING 3,5,wind
POINT (-121.7457 37.2207),632.4300000000001,635.01,"{1.0, 138.0, 13.8, 18.0, 345.0, 765.0}",orange,COYOTE,8,ng
POINT (-121.8469 38.1694),0.0,0.0,"{138.0, 13.8}",green,BIRDS LANDING 4,2,wind
POINT (-122.1411 38.0736),97.6,98.0,{138.0},orange,BENICIA 3,4,ng
POINT (-122.0589 38.0244),113.03999999999999,113.49,"{345.0, 138.0}",orange,MARTINEZ 3,2,ng
POINT (-121.4906 37.7107),334.73,336.09000000000003,"{345.0, 138.0, 13.8}",orange,TRACY 4,5,ng
POINT (-122.2889 37.7886),54.58,54.8,"{1.0, 138.0, 18.0, 13.8}",orange,ALAMEDA 4,11,ng
POINT (-121.8219 38.1167),52.68,52.68,{138.0},green,BIRDS LANDING 5,1,wind
POINT (-122.1117 38.0169),99.58,99.99,"{138.0, 18.0, 13.8}",orange,MARTINEZ 4,3,ng
POINT (-121.9436 37.3617),35.6,35.72,{138.0},gray,SANTA CLARA 7,2,coal
POINT (-122.2161 38.0569),246.39,247.4,"{1.0, 138.0, 13.8, 24.0, 345.0}",orange,CROCKETT,5,ng
POINT (-122.1338 37.6347),652.3399999999999,654.99,"{138.0, 13.8, 18.0, 345.0, 765.0}",orange,HAYWARD 8,6,ng
POINT (-121.9319 37.425),182.91,183.66,"{24.0, 345.0, 138.0, 13.8}",orange,SAN JOSE 46,9,ng
POINT (-121.7181 37.7908),106.89,106.89,"{345.0, 138.0}",green,LIVERMORE 6,2,wind
POINT (-121.5363 36.999),134.46,135.0,"{1.0, 138.0, 13.8, 18.0, 345.0}",orange,GILROY 4,9,ng
POINT (-122.3909 37.9418),154.98000000000002,155.6,"{345.0, 138.0}",orange,EL SOBRANTE 2,2,ng
POINT (-122.2583 38.0417),18.23,18.3,"{24.0, 138.0, 13.8}",orange,RODEO 2,3,ng
POINT (-121.9687 37.401),64.34,64.6,{138.0},orange,SANTA CLARA 8,1,ng
POINT (-121.8553 38.1375),70.01,70.01,"{138.0, 18.0}",green,BIRDS LANDING 6,2,wind
POINT (-119.9044 36.2397),97.6,98.0,"{345.0, 138.0, 13.8, 1.0}",orange,LEMOORE 3,5,ng
POINT (-121.3869 38.0881),77.09,77.4,{138.0},orange,LODI 4,2,ng
POINT (-120.0341 38.2467),77.64,77.64,"{345.0, 138.0, 13.8, 1.0}",blue,PINECREST,5,hydro
POINT (-120.6699 38.331),14.91,14.91,"{345.0, 138.0}",blue,JACKSON 2,4,hydro
POINT (-120.2993 37.8094),42.09,42.09,{138.0},blue,MERCED 6,1,hydro
POINT (-119.8339 36.2478),50.25,50.25,{138.0},yellow,LEMOORE 4,2,solar
POINT (-120.5833 36.6514),430.24,432.0,"{138.0, 13.8, 20.0, 22.0, 345.0, 765.0}",orange,SAN JOAQUIN 1,7,ng
POINT (-119.558 37.0718),147.88,147.88,"{345.0, 138.0, 18.0, 13.8}",blue,AUBERRY 1,7,hydro
POINT (-117.7917 36.0192),78.42,78.42,{138.0},yellow,INYOKERN 1,2,solar
POINT (-119.4353 35.8983),101.91,101.91,"{345.0, 138.0, 18.0, 13.8}",yellow,ALPAUGH,6,solar
POINT (-119.4898 37.139),70.02,70.02,{138.0},blue,NORTH FORK 1,1,hydro
POINT (-119.1588 36.8882),15.37,15.37,{138.0},blue,FRESNO 22,2,hydro
POINT (-120.985 37.5744),222.57999999999998,223.48,"{345.0, 138.0}",orange,MODESTO 10,2,ng
POINT (-119.3866 37.1485),93.38,93.38,{138.0},blue,AUBERRY 2,1,hydro
POINT (-120.1103 35.9831),25.88,25.88,"{138.0, 18.0}",yellow,AVENAL 2,3,solar
POINT (-120.8408 35.9359),38.04,38.2,{138.0},orange,SAN ARDO 1,3,ng
POINT (-121.3238 38.8107),54.58,54.8,{138.0},orange,LODI 5,1,ng
POINT (-119.0203 36.9274),67.5,67.5,{138.0},blue,FRESNO 23,1,hydro
POINT (-119.2396 37.2042),85.06,85.06,"{1.0, 138.0, 13.8, 20.0, 24.0}",blue,BIG CREEK 1,9,hydro
POINT (-121.1278 36.225),132.66,133.2,"{345.0, 138.0}",orange,KING CITY 2,2,ng
POINT (-117.7981 36.0372),24.87,24.87,"{345.0, 138.0, 18.0, 13.8}",yellow,INYOKERN 2,5,solar
POINT (-118.5692 37.51),27.45,27.45,"{24.0, 138.0}",blue,BISHOP 2,2,hydro
POINT (-119.9675 37.8966),60.59,60.59,"{345.0, 138.0}",blue,GROVELAND 1,2,hydro
POINT (-121.116 37.7315),60.25,60.5,"{345.0, 138.0, 13.8, 1.0}",orange,RIPON 2,5,ng
POINT (-119.5522 36.6842),84.86,85.2,"{345.0, 138.0}",orange,SANGER 3,2,ng
POINT (-119.9532 37.8777),98.27,98.27,{138.0},blue,GROVELAND 2,1,hydro
POINT (-120.9314 37.6294),141.82,142.4,{138.0},gray,MODESTO 11,2,coal
POINT (-120.9044 37.4903),73.5,73.8,"{138.0, 13.8}",orange,TURLOCK 4,3,ng
POINT (-119.3289 37.2096),33.78,33.78,{138.0},blue,BIG CREEK 2,1,hydro
POINT (-121.0772 37.0692),70.67,70.67,"{345.0, 138.0, 13.8, 1.0}",blue,GUSTINE,5,hydro
POINT (-119.5733 36.1383),29.659999999999997,29.659999999999997,"{138.0, 18.0, 13.8}",yellow,CORCORAN 2,4,solar
POINT (-118.557 37.4379),28.55,28.55,{138.0},blue,BISHOP 3,2,hydro
POINT (-120.2908 36.6175),32.79,32.79,"{345.0, 138.0, 13.8, 1.0}",yellow,TRANQUILLITY,5,solar
POINT (-120.4926 38.4493),0.0,0.0,{138.0},blue,PIONEER 2,2,hydro
POINT (-119.3068 37.2001),92.86,92.86,{138.0},blue,BIG CREEK 3,2,hydro
POINT (-121.7822 36.8048),1710.01,2100.0,"{138.0, 13.8, 18.0, 22.0, 345.0, 765.0}",orange,MOSS LANDING,11,ng
POINT (-117.7886 36.0019),78.37,78.37,{138.0},yellow,INYOKERN 3,1,solar
POINT (-120.5783 36.6535),49.7,49.9,{138.0},orange,FIREBAUGH 2,3,ng
POINT (-121.3304 37.9436),46.59,46.59,"{345.0, 138.0}",yellow,STOCKTON 15,2,solar
POINT (-118.59 37.546),32.64,32.64,"{345.0, 138.0, 22.0}",blue,BISHOP 4,4,hydro
POINT (-115.3503 35.7931),0.0,0.0,"{138.0, 13.8}",yellow,JEAN 1,3,solar
POINT (-120.0998 36.617),82.26,82.59,"{24.0, 138.0, 13.8}",orange,SAN JOAQUIN 2,4,ng
POINT (-121.2771 37.8062),45.81,46.0,"{138.0, 13.8}",orange,LATHROP 2,3,ng
POINT (-121.1246 36.2248),47.11,47.3,{138.0},orange,KING CITY 3,1,ng
POINT (-119.7404 36.6697),120.5,121.0,"{345.0, 138.0}",orange,FRESNO 24,3,ng
POINT (-119.2567 37.1479),150.67,150.67,"{345.0, 138.0, 13.8}",blue,SHAVER LAKE 1,3,hydro
POINT (-118.9683 37.0293),989.11,989.11,"{1.0, 138.0, 13.8, 18.0, 24.0, 345.0, 765.0}",blue,SHAVER LAKE 2,9,hydro
POINT (-121.116 37.7325),49.3,49.5,{138.0},orange,RIPON 3,1,ng
POINT (-120.3885 36.1807),38.24,38.4,{138.0},orange,COALINGA 2,1,ng
POINT (-120.3703 38.139),81.9,81.9,{138.0},blue,VALLECITO,2,hydro
POINT (-119.6481 36.2701),91.82,92.2,"{345.0, 138.0, 22.0, 1.0}",orange,HANFORD 3,6,ng
POINT (-121.3875 38.0881),287.73,288.9,"{138.0, 13.8, 18.0, 345.0, 765.0}",orange,LODI 6,5,ng
POINT (-119.327 36.8326),84.77,84.77,"{345.0, 138.0}",blue,FRESNO 25,2,hydro
POINT (-120.0758 36.1381),62.22,62.22,{138.0},yellow,HURON,3,solar
POINT (-120.3654 36.7559),8.83,8.83,{138.0},yellow,MENDOTA 2,1,solar
POINT (-120.8956 37.4878),299.37,300.6,"{345.0, 138.0, 13.8, 765.0}",orange,TURLOCK 5,7,ng
POINT (-120.5806 36.6529),60.25,60.5,{138.0},orange,FIREBAUGH 3,1,ng
POINT (-120.5282 37.9469),241.61999999999998,241.61999999999998,"{138.0, 13.8, 18.0, 345.0, 765.0}",blue,TRACY 8,8,hydro
POINT (-119.3069 37.2),37.13,37.13,"{1.0, 138.0, 18.0, 13.8}",blue,BIG CREEK 4,11,hydro
POINT (-120.2686 37.5843),0.0,0.0,{138.0},blue,SNELLING,1,hydro
POINT (-120.8679 35.9515),38.74,38.9,"{138.0, 13.8}",orange,SAN ARDO 2,3,ng
POINT (-121.0204 37.6526),156.37,157.0,"{1.0, 138.0, 13.8, 18.0, 345.0}",orange,MODESTO 12,9,ng
POINT (-119.0876 36.9089),105.39,105.39,"{1.0, 138.0, 13.8, 20.0, 345.0}",blue,FRESNO 26,7,hydro
POINT (-120.2181 38.4979),33.81,33.81,"{1.0, 138.0, 13.8}",blue,PIONEER 3,4,hydro
POINT (-119.338 37.2203),190.0,190.0,"{345.0, 138.0}",blue,NORTH FORK 2,2,hydro
POINT (-120.2485 37.1073),8.23,8.27,{138.0},orange,CHOWCHILLA 2,4,ng
POINT (-120.5797 36.6541),139.24,139.8,{138.0},orange,FIREBAUGH 4,1,ng
POINT (-120.4202 37.696),92.27,92.27,"{345.0, 138.0, 13.8, 1.0}",blue,LA GRANGE,5,hydro
POINT (-115.3561 35.6139),573.6,688.41,"{1.0, 138.0, 13.8, 18.0, 345.0, 765.0}",orange,JEAN 2,11,ng
POINT (-119.1689 34.1292),831.61,835.0,"{1.0, 138.0, 13.2, 13.8, 345.0, 765.0}",orange,OXNARD 9,8,ng
POINT (-118.4612 34.9349),136.12,136.12,"{345.0, 138.0, 13.8}",green,ROSAMOND 2,3,wind
POINT (-118.2924 35.0609),60.0,60.0,{138.0},green,MOJAVE 1,1,wind
POINT (-118.2491 33.8759),27.79,27.9,"{138.0, 13.8}",orange,CARSON 5,3,ng
POINT (-118.8519 35.3),0.0,0.0,{138.0},yellow,BAKERSFIELD 21,1,solar
POINT (-119.1667 34.196),68.42,68.7,{138.0},orange,OXNARD 10,3,ng
POINT (-119.9166 35.3237),129.51,129.51,"{345.0, 138.0, 18.0, 1.0}",yellow,SANTA MARGARITA 1,7,solar
POINT (-118.4325 34.8914),103.16,103.16,"{345.0, 138.0, 13.8}",green,ROSAMOND 3,3,wind
POINT (-118.2282 33.777),31.9,31.9,"{1.0, 138.0, 13.8}",yellow,CARSON 6,4,solar
POINT (-118.2141 33.7684),57.17,57.4,{138.0},orange,LONG BEACH 24,2,ng
POINT (-118.1754 35.248),0.0,0.0,"{1.0, 138.0, 13.8, 18.0, 345.0}",green,CANTIL,5,wind
POINT (-118.2953 35.0239),230.8,230.8,"{138.0, 13.8, 18.0, 345.0, 765.0}",green,MOJAVE 2,5,wind
POINT (-117.5557 35.0122),71.97,71.97,"{345.0, 138.0, 13.8, 1.0}",yellow,BORON 1,5,solar
POINT (-118.2448 33.8166),336.15000000000003,337.5,"{345.0, 138.0}",orange,CARSON 7,2,ng
POINT (-117.9449 34.0089),497.95000000000005,500.0,"{345.0, 138.0, 765.0}",orange,LA PUENTE 5,4,ng
POINT (-119.9001 34.4314),57.76,58.0,"{138.0, 20.0}",orange,GOLETA 3,4,ng
POINT (-118.4244 34.7803),0.0,0.0,"{345.0, 138.0, 13.8, 765.0}",yellow,LANCASTER 7,4,solar
POINT (-118.148 34.1254),74.7,75.0,"{138.0, 13.8}",orange,PASADENA 7,2,ng
POINT (-119.0062 35.5763),30.83,30.83,{138.0},yellow,BAKERSFIELD 22,1,solar
POINT (-119.2469 34.2056),49.6,49.8,"{138.0, 13.8}",orange,OXNARD 11,3,ng
POINT (-118.3345 34.9383),0.0,0.0,"{345.0, 138.0, 18.0}",yellow,ROSAMOND 4,5,solar
POINT (-118.2469 35.2608),74.42999999999999,74.42999999999999,{138.0},green,TEHACHAPI 3,1,wind
POINT (-118.2383 34.9003),15.99,15.99,{138.0},yellow,ROSAMOND 5,1,solar
POINT (-118.844 34.9556),775.8499999999999,779.0,"{138.0, 13.8, 24.0, 345.0, 765.0}",orange,LEBEC 1,9,ng
POINT (-119.0512 35.7415),0.0,0.0,"{138.0, 13.8}",gray,BAKERSFIELD 23,3,coal
POINT (-119.7375 35.4791),46.42,46.6,"{138.0, 18.0}",orange,TUPMAN 1,2,ng
POINT (-118.9617 35.4406),69.05,69.34,{138.0},orange,BAKERSFIELD 24,1,ng
POINT (-118.3147 34.1772),60.25,60.5,{138.0},orange,BURBANK 8,1,ng
POINT (-118.3167 35.0697),23.84,23.84,{138.0},green,MOJAVE 3,1,wind
POINT (-118.9544 35.1028),21.87,21.87,{138.0},yellow,BAKERSFIELD 25,1,solar
POINT (-118.425 33.9106),535.2,537.4,"{1.0, 138.0, 13.8, 18.0, 345.0}",orange,EL SEGUNDO 1,8,ng
POINT (-118.2399 33.7592),35.46,35.6,{138.0},orange,LONG BEACH 25,3,ng
POINT (-118.1046 33.9296),49.6,49.8,"{345.0, 138.0, 20.0, 13.8}",orange,NORWALK 4,4,ng
POINT (-118.3528 34.8486),162.48999999999998,162.48999999999998,"{345.0, 138.0}",yellow,ROSAMOND 6,3,solar
POINT (-118.4242 33.9098),340.61,342.0,"{138.0, 13.8}",orange,EL SEGUNDO 2,2,ng
POINT (-118.1856 35.0267),46.69,46.69,"{138.0, 13.8}",yellow,MOJAVE 4,4,solar
POINT (-119.2769 35.7906),48.3,48.5,{138.0},orange,DELANO 3,1,ng
POINT (-118.4547 34.5902),43.42,43.42,{138.0},blue,SANTA CLARITA 4,1,hydro
POINT (-118.2572 35.05),166.67000000000002,166.67000000000002,"{1.0, 138.0, 13.8, 18.0, 22.0, 345.0}",green,MOJAVE 5,12,wind
POINT (-118.3372 35.1011),22.66,22.66,{138.0},green,TEHACHAPI 4,2,wind
POINT (-119.0401 35.5165),49.6,49.8,"{138.0, 18.0, 13.8}",orange,BAKERSFIELD 26,3,ng
POINT (-119.0305 35.509),49.6,49.8,"{1.0, 138.0, 22.0}",orange,BAKERSFIELD 27,4,ng
POINT (-118.3547 35.0542),119.75999999999999,119.75999999999999,"{345.0, 138.0, 13.8}",green,TEHACHAPI 5,6,wind
POINT (-118.2248 33.7641),250.96,252.0,"{345.0, 138.0}",orange,LONG BEACH 26,2,ng
POINT (-118.2233 35.0268),132.0,132.0,"{138.0, 18.0}",green,MOJAVE 6,3,wind
POINT (-118.1714 35.0506),42.1,42.1,{138.0},green,MOJAVE 7,1,wind
POINT (-117.5659 35.0148),0.0,0.0,{138.0},yellow,BORON 2,1,solar
POINT (-119.046 35.5005),49.6,49.8,"{138.0, 18.0}",orange,BAKERSFIELD 28,3,ng
POINT (-120.0444 34.4648),49.1,49.3,{138.0},orange,GOLETA 4,2,ng
POINT (-118.1494 34.126),177.88,178.6,"{345.0, 138.0}",orange,PASADENA 8,3,ng
POINT (-118.2644 33.7856),545.85,548.11,"{345.0, 138.0, 765.0}",orange,WILMINGTON 3,3,ng
POINT (-118.3247 34.6892),34.04,34.04,"{345.0, 138.0, 13.8, 1.0}",yellow,LANCASTER 8,4,solar
POINT (-118.2932 35.0309),129.41,129.41,"{138.0, 13.8}",green,MOJAVE 8,2,wind
POINT (-118.3158 35.075),0.0,0.0,{138.0},green,MOJAVE 9,2,wind
POINT (-119.662 35.3195),45.81,46.0,{138.0},orange,MC KITTRICK 1,1,ng
POINT (-118.2219 33.9986),192.51,193.29,"{345.0, 138.0, 22.0, 1.0}",orange,LOS ANGELES 80,4,ng
POINT (-118.2348 35.0267),135.75,135.75,"{138.0, 22.0}",green,MOJAVE 10,2,wind
POINT (-119.1664 34.1958),63.79,64.05,"{345.0, 138.0, 13.8, 1.0}",orange,OXNARD 12,4,ng
POINT (-119.0129 35.4405),17.93,18.0,{138.0},orange,BAKERSFIELD 29,1,ng
POINT (-118.2118 35.0434),90.81,90.81,"{345.0, 138.0, 13.8}",green,MOJAVE 11,3,wind
POINT (-119.0298 35.4837),0.0,0.0,{138.0},orange,BAKERSFIELD 30,1,ng
POINT (-118.395 33.8504),1311.04,1316.4,"{138.0, 13.8, 18.0, 345.0, 765.0}",orange,REDONDO BEACH 4,8,ng
POINT (-117.7742 34.0594),45.81,46.0,"{345.0, 138.0}",orange,POMONA 7,4,ng
POINT (-118.4439 34.0692),14.28,14.33,{138.0},orange,LOS ANGELES 81,3,ng
POINT (-118.4031 33.9058),149.47,150.1,"{1.0, 138.0, 13.8}",orange,EL SEGUNDO 3,5,ng
POINT (-118.9266 35.4192),45.81,46.0,{138.0},orange,BAKERSFIELD 31,1,ng
POINT (-119.2511 34.2067),571.6600000000001,574.0,"{138.0, 13.8, 22.0, 345.0, 765.0}",orange,OXNARD 13,6,ng
POINT (-118.2867 33.7686),58.26,58.5,"{24.0, 138.0, 18.0}",orange,WILMINGTON 4,3,ng
POINT (-118.3147 34.1764),109.26,109.7,{138.0},orange,BURBANK 9,2,ng
POINT (-118.3534 35.0337),108.59,108.59,"{138.0, 13.8}",green,MOJAVE 12,2,wind
POINT (-119.585 35.2097),401.96,403.6,"{138.0, 13.8, 18.0, 345.0, 765.0}",orange,FELLOWS 1,6,ng
POINT (-119.0299 35.4837),45.81,46.0,"{345.0, 138.0, 18.0}",orange,BAKERSFIELD 32,4,ng
POINT (-118.3913 34.245),478.55,480.5,"{138.0, 13.8, 18.0, 345.0, 765.0}",orange,SUN VALLEY 2,7,ng
POINT (-118.2836 33.7683),9.56,9.6,"{1.0, 138.0, 18.0, 20.0}",orange,CARSON 8,6,ng
POINT (-119.4436 35.093),47.3,47.5,"{345.0, 138.0, 13.8}",orange,TAFT 2,4,ng
POINT (-118.0241 34.0233),44.730000000000004,44.910000000000004,"{345.0, 138.0, 13.8, 1.0}",orange,WHITTIER 9,5,ng
POINT (-118.2347 33.7917),98.09,98.51,{138.0},orange,CARSON 9,3,ng
POINT (-118.7881 34.6853),14.26,14.26,"{345.0, 138.0, 18.0}",blue,LEBEC 2,4,hydro
POINT (-118.1864 35.3478),120.31,120.31,"{345.0, 138.0, 13.8}",green,WELDON,3,wind
POINT (-119.2337 35.7144),24.88,24.88,"{345.0, 138.0}",yellow,DELANO 4,2,solar
POINT (-117.5661 35.021),30.229999999999997,30.229999999999997,"{138.0, 13.8}",yellow,BORON 3,2,solar
POINT (-118.1009 33.7688),1595.1499999999999,1601.6499999999999,"{138.0, 13.8, 18.0, 20.0, 345.0, 765.0}",orange,LONG BEACH 27,10,ng
POINT (-118.4999 34.3801),89.64,90.0,"{345.0, 138.0, 13.8, 1.0}",orange,NEWHALL 3,5,ng
POINT (-117.701 35.0329),48.0,48.2,"{138.0, 13.8}",orange,BORON 4,3,ng
POINT (-118.2422 35.0086),249.91,249.91,"{1.0, 138.0, 13.8, 18.0, 345.0}",green,MOJAVE 13,7,wind
POINT (-118.39 35.065),26.91,26.91,"{138.0, 13.8}",green,MOJAVE 14,6,wind
POINT (-118.3153 34.1786),193.01,193.8,"{138.0, 13.8, 18.0, 345.0, 765.0}",orange,BURBANK 10,5,ng
POINT (-120.8555 35.2115),2313.56,2323.0,"{138.0, 13.8, 24.0, 345.0, 765.0}",red,AVILA BEACH,7,nuclear
POINT (-118.33 33.8534),22.41,22.5,"{1.0, 138.0, 18.0}",orange,TORRANCE 8,5,ng
POINT (-120.0686 35.4056),327.43,327.43,"{138.0, 13.8, 13.2, 18.0, 345.0, 765.0}",yellow,SANTA MARGARITA 2,8,solar
POINT (-118.5047 34.7892),66.0,66.0,{138.0},yellow,LANCASTER 9,2,solar
POINT (-119.4707 35.2803),246.06,246.06,"{1.0, 138.0, 13.8, 18.0, 20.0, 345.0, 765.0}",yellow,TUPMAN 2,8,solar
POINT (-119.5919 35.2956),1498.99,1505.1,"{138.0, 13.8, 18.0, 345.0, 765.0}",orange,MC KITTRICK 2,7,ng
POINT (-119.6294 35.2269),233.04000000000002,234.0,"{345.0, 138.0, 13.8, 1.0}",orange,FELLOWS 2,4,ng
POINT (-118.0991 33.7647),1293.86,1299.1400000000003,"{138.0, 13.8, 22.0, 24.0, 345.0}",orange,LONG BEACH 28,14,ng
POINT (-119.571 35.1946),38.94,39.1,{138.0},orange,FELLOWS 3,1,ng
POINT (-118.2303 33.7771),106.94999999999999,107.39999999999999,"{1.0, 138.0, 13.8, 22.0}",orange,WILMINGTON 5,8,ng
POINT (-118.6566 34.5872),1246.33,1246.33,"{138.0, 13.8, 13.2, 18.0, 345.0, 765.0}",blue,CASTAIC 3,11,hydro
POINT (-118.4362 35.7762),34.09,34.09,"{345.0, 138.0}",blue,KERNVILLE,2,hydro
POINT (-118.4949 34.3841),42.62,42.8,"{138.0, 13.8}",orange,NEWHALL 4,2,ng
POINT (-118.2414 35.0083),83.11,83.11,"{138.0, 13.8}",green,MOJAVE 15,3,wind
POINT (-118.4276 33.9182),819.8700000000001,823.1999999999999,"{345.0, 138.0, 13.8, 765.0}",orange,PLAYA DEL REY,6,ng
POINT (-119.4299 35.0968),45.81,46.0,"{138.0, 13.8}",orange,BAKERSFIELD 33,2,ng
POINT (-118.5251 34.5343),54.589999999999996,54.589999999999996,"{1.0, 138.0, 13.8, 18.0, 24.0, 345.0}",blue,SANTA CLARITA 5,9,hydro
POINT (-119.7075 35.4386),93.81,94.19999999999999,"{345.0, 138.0, 13.8, 1.0}",orange,MC KITTRICK 3,4,ng
POINT (-118.2 35.06),110.94,110.94,"{138.0, 22.0}",green,MOJAVE 16,3,wind
POINT (-118.3967 34.8022),140.55,140.55,{138.0},yellow,ROSAMOND 7,1,solar
POINT (-118.2782 34.1556),242.51,243.51999999999998,"{345.0, 138.0}",orange,GLENDALE 8,2,ng
POINT (-117.3236 35.0111),129.92000000000002,129.92000000000002,"{345.0, 138.0, 13.8, 765.0}",yellow,HINKLEY 1,7,solar
POINT (-117.1174 33.1219),58.66,58.9,"{138.0, 13.8}",orange,ESCONDIDO 8,2,ng
POINT (-116.5422 33.9228),39.87,39.87,"{138.0, 13.8}",green,NORTH PALM SPRINGS 1,2,wind
POINT (-116.9439 32.5624),60.25,60.5,"{138.0, 13.8}",orange,SAN DIEGO 48,2,ng
POINT (-115.2637 32.7757),30.61,30.61,"{1.0, 138.0, 13.8, 18.0, 345.0}",yellow,HOLTVILLE 2,7,solar
POINT (-115.3939 33.8231),321.33000000000004,321.33000000000004,"{138.0, 13.8, 18.0, 22.0, 24.0, 345.0, 765.0}",yellow,DESERT CENTER,12,solar
POINT (-115.6478 32.6869),142.23999999999998,142.23999999999998,"{345.0, 138.0, 13.8}",yellow,CALEXICO 3,6,solar
POINT (-115.5439 33.0139),35.54,35.54,{138.0},yellow,HOLTVILLE 3,1,solar
POINT (-116.3425 32.7056),40.21,40.21,"{138.0, 18.0}",green,CAMPO,2,wind
POINT (-115.4686 35.5561),0.0,0.0,"{345.0, 138.0, 765.0, 22.0}",yellow,NIPTON 1,4,solar
POINT (-116.5714 33.9342),671.1199999999999,673.8500000000001,"{138.0, 13.8, 18.0, 345.0, 765.0}",orange,DESERT HOT SPRINGS 4,11,ng
POINT (-117.1664 32.8769),105.56,106.0,"{345.0, 138.0, 13.8, 1.0}",orange,SAN DIEGO 49,8,ng
POINT (-117.2418 34.0818),1032.6,1036.8,"{138.0, 13.8, 18.0, 22.0, 345.0, 765.0}",orange,REDLANDS 5,9,ng
POINT (-117.0995 33.1185),51.2,51.4,"{1.0, 138.0, 13.8}",orange,ESCONDIDO 9,4,ng
POINT (-117.5266 34.0912),663.3,666.0,"{345.0, 138.0, 18.0, 765.0}",orange,RANCHO CUCAMONGA 8,5,ng
POINT (-117.5604 34.0053),73.0,73.3,"{24.0, 345.0, 138.0, 1.0}",orange,ONTARIO 8,5,ng
POINT (-115.518 32.7146),15.42,15.42,{138.0},yellow,HEBER 2,1,solar
POINT (-116.9721 32.7965),48.5,48.7,{138.0},orange,EL CAJON 7,2,ng
POINT (-117.1114 33.3594),117.52,118.0,"{1.0, 138.0, 13.8, 20.0, 345.0}",orange,PALA,7,ng
POINT (-117.3833 35.765),62.25,62.489999999999995,"{24.0, 345.0, 138.0, 1.0}",gray,TRONA,5,coal
POINT (-117.8219 33.613),38.84,39.0,"{138.0, 18.0, 13.8}",orange,IRVINE 9,4,ng
POINT (-115.616 33.1646),24.07,24.07,{138.0},yellow,CALIPATRIA 2,1,solar
POINT (-116.5527 33.9393),35.75,35.75,{138.0},green,NORTH PALM SPRINGS 2,2,wind
POINT (-115.6387 33.1582),80.11,80.11,"{345.0, 138.0, 18.0, 13.8}",yellow,CALIPATRIA 3,5,solar
POINT (-117.3603 34.0414),60.25,60.5,"{345.0, 138.0}",orange,COLTON 3,2,ng
POINT (-116.0873 33.586),55.5,55.5,"{345.0, 138.0}",yellow,MECCA 2,2,solar
POINT (-115.5364 32.9553),49.6,49.8,{138.0},orange,BRAWLEY 3,1,ng
POINT (-117.2392 32.8747),21.92,22.0,"{138.0, 13.8}",orange,RANCHO SANTA FE,3,ng
POINT (-117.338 35.033),62.02,62.02,{138.0},yellow,HINKLEY 2,2,solar
POINT (-117.1178 33.1197),556.73,558.99,"{138.0, 13.8, 18.0, 345.0, 765.0}",orange,ESCONDIDO 10,6,ng
POINT (-117.3647 34.5953),656.31,659.0,"{138.0, 13.2, 13.8, 22.0, 345.0, 765.0}",orange,VICTORVILLE 7,8,ng
POINT (-116.9721 32.7961),67.63,67.9,"{345.0, 138.0}",orange,EL CAJON 8,3,ng
POINT (-115.565 33.1779),37.68,37.68,{138.0},yellow,CALIPATRIA 4,1,solar
POINT (-116.5527 33.8816),0.0,0.0,{138.0},green,NORTH PALM SPRINGS 3,1,wind
POINT (-117.3344 34.2056),176.06,176.06,"{1.0, 138.0, 13.8, 18.0, 24.0, 345.0}",blue,SAN BERNARDINO 10,9,hydro
POINT (-117.3563 35.0308),69.0,69.0,{138.0},yellow,HINKLEY 3,1,solar
POINT (-117.6085 33.8912),48.8,49.0,"{1.0, 138.0, 13.8}",orange,CORONA 11,4,ng
POINT (-117.8563 33.8535),49.0,49.2,{138.0},orange,ANAHEIM 14,3,ng
POINT (-115.47 33.08),137.29000000000002,137.29000000000002,"{345.0, 138.0}",yellow,CALIPATRIA 5,2,solar
POINT (-114.6865 33.6157),588.5999999999999,591.0,"{1.0, 138.0, 13.8, 115.0, 22.0, 24.0, 345.0, 765.0}",orange,BLYTHE 2,10,ng
POINT (-115.4525 35.5331),133.0,133.0,"{138.0, 20.0}",yellow,NIPTON 2,3,solar
POINT (-115.5119 32.9038),27.189999999999998,27.189999999999998,"{138.0, 13.8}",yellow,IMPERIAL 2,4,solar
POINT (-117.3235 34.3074),21.8,21.8,"{1.0, 138.0, 20.0}",blue,HESPERIA 5,4,hydro
POINT (-117.1664 32.8761),48.8,49.0,"{138.0, 22.0}",orange,SAN DIEGO 50,2,ng
POINT (-115.6386 33.157),0.0,0.0,{138.0},yellow,CALIPATRIA 6,1,solar
POINT (-116.0447 32.7528),265.4,265.4,"{345.0, 138.0, 13.8, 765.0}",green,OCOTILLO,4,wind
POINT (-117.1897 32.7052),32.82,32.95,"{345.0, 138.0}",orange,CORONADO 2,4,ng
POINT (-115.7264 32.7533),0.0,0.0,"{345.0, 138.0, 13.2}",yellow,SEELEY,3,solar
POINT (-114.7139 32.7366),25.41,25.41,"{345.0, 138.0}",blue,WINTERHAVEN,3,hydro
POINT (-116.6222 33.9447),25.4,25.4,"{138.0, 13.8}",green,DESERT HOT SPRINGS 5,2,wind
POINT (-115.54 32.8022),356.86999999999995,358.30000000000007,"{1.0, 138.0, 13.8, 345.0, 765.0}",orange,EL CENTRO 3,5,ng
POINT (-116.553 33.9109),99.4,99.8,"{345.0, 138.0, 13.8}",orange,NORTH PALM SPRINGS 4,4,ng
POINT (-117.1224 32.6793),82.78999999999999,83.10000000000001,"{1.0, 138.0, 13.8}",orange,SAN DIEGO 51,5,ng
POINT (-117.5402 34.0454),33.86,34.0,"{138.0, 13.8}",orange,ONTARIO 9,2,ng
POINT (-115.5873 32.6711),116.37,116.37,"{345.0, 138.0}",yellow,CALEXICO 4,2,solar
POINT (-117.3533 34.0606),22.3,22.4,"{1.0, 138.0, 13.8}",orange,COLTON 4,8,ng
POINT (-117.9832 33.8073),49.6,49.8,"{138.0, 20.0}",orange,STANTON 2,3,ng
POINT (-115.6167 33.1633),17.7,17.7,{138.0},yellow,CALIPATRIA 7,1,solar
POINT (-114.9981 33.665),74.5,74.5,"{345.0, 138.0, 13.8}",yellow,BLYTHE 3,8,solar
POINT (-117.2933 33.9308),0.0,0.0,{138.0},orange,RIVERSIDE 17,2,ng
POINT (-116.8251 34.8659),47.11,47.11,"{345.0, 138.0, 20.0, 13.8}",yellow,DAGGETT,6,solar
POINT (-115.5356 32.7144),81.63999999999999,81.63999999999999,"{1.0, 138.0, 13.8, 18.0, 20.0, 345.0}",yellow,HEBER 3,13,solar
POINT (-117.1338 32.834),71.71,72.0,"{345.0, 138.0}",orange,SAN DIEGO 52,2,ng
POINT (-117.1194 33.0586),31.009999999999998,31.009999999999998,{138.0},blue,ESCONDIDO 11,1,hydro
POINT (-115.6033 33.1777),0.0,0.0,"{138.0, 18.0}",yellow,CALIPATRIA 8,2,solar
POINT (-117.5343 34.0903),49.6,49.8,"{138.0, 13.8}",orange,RANCHO CUCAMONGA 9,3,ng
POINT (-115.6384 33.1533),33.7,33.7,"{138.0, 13.8}",yellow,CALIPATRIA 9,2,solar
POINT (-114.1402 34.2953),107.2,107.2,"{138.0, 13.8, 115.0, 22.0, 345.0}",blue,PARKER DAM,5,hydro
POINT (-116.1714 33.6758),92.04,92.4,"{138.0, 18.0, 20.0}",orange,COACHELLA 3,5,ng
POINT (-117.4528 33.9636),195.2,196.0,"{345.0, 138.0, 13.8}",orange,RIVERSIDE 18,6,ng
POINT (-117.1172 33.1261),49.7,49.9,{138.0},orange,ESCONDIDO 12,1,ng
POINT (-117.3532 34.0609),44.6,44.8,"{138.0, 13.8}",orange,COLTON 5,3,ng
POINT (-115.5045 33.2388),60.25,60.5,"{24.0, 345.0, 138.0, 18.0}",orange,NILAND,4,ng
POINT (-117.5565 33.8827),0.0,0.0,"{138.0, 13.2}",orange,CORONA 12,3,ng
POINT (-116.915 32.5815),685.71,688.5,"{138.0, 13.8, 20.0, 345.0, 765.0}",orange,SAN DIEGO 53,6,ng
POINT (-115.6583 32.6633),108.98,108.98,"{138.0, 13.8}",yellow,CALEXICO 5,3,solar
POINT (-117.3364 33.1361),995.53,999.5999999999999,"{138.0, 13.8, 18.0, 20.0, 345.0, 765.0}",orange,CARLSBAD 6,9,ng
POINT (-116.5364 33.9603),43.91,43.91,"{1.0, 138.0, 13.8}",green,NORTH PALM SPRINGS 5,5,wind
POINT (-116.5781 33.934),50.75,50.75,{138.0},green,NORTH PALM SPRINGS 6,1,wind
POINT (-117.9792 33.6439),217.11,218.0,"{138.0, 13.8, 22.0, 345.0, 765.0}",orange,HUNTINGTON BEACH 7,5,ng
POINT (-117.8402 33.932),22.23,22.32,{138.0},orange,BREA 3,2,ng
POINT (-116.5642 33.9211),47.36,47.36,"{138.0, 13.8}",green,NORTH PALM SPRINGS 7,4,wind
POINT (-115.5733 33.2046),39.25,39.25,"{138.0, 18.0, 13.8}",yellow,CALIPATRIA 10,4,solar
POINT (-116.1525 34.1719),31.799999999999997,31.799999999999997,"{345.0, 138.0, 22.0, 1.0}",yellow,TWENTYNINE PALMS 3,5,solar
POINT (-116.9442 32.567),99.4,99.8,{138.0},orange,SAN DIEGO 54,1,ng
POINT (-117.0586 32.5917),43.82,44.0,{138.0},orange,CHULA VISTA 10,2,ng
POINT (-116.7103 33.915),44.87,44.87,"{1.0, 138.0, 13.8}",green,CABAZON,4,wind
POINT (-116.6178 33.925),77.37,77.37,"{1.0, 138.0, 13.8, 18.0, 24.0}",green,NORTH PALM SPRINGS 8,6,wind
POINT (-115.4825 35.5808),82.75,82.75,"{138.0, 18.0}",yellow,NIPTON 3,3,solar
POINT (-117.8617 33.8581),199.2,200.0,"{345.0, 138.0, 13.8, 1.0}",orange,ANAHEIM 15,5,ng
POINT (-117.1704 33.7388),407.84,409.5,"{138.0, 18.0, 20.0, 345.0, 765.0}",orange,SUN CITY 4,5,ng
POINT (-119.7489 39.3887),16.53,16.53,"{161.0, 13.8}",yellow,RENO 20,3,solar
POINT (-118.1414 40.9961),14.62,14.62,"{345.0, 161.0}",yellow,WINNEMUCCA 2,2,solar
POINT (-119.7645 39.3732),11.49,11.49,"{161.0, 13.8}",yellow,RENO 21,4,solar
POINT (-114.9933 35.7881),10.0,10.0,{161.0},yellow,BOULDER CITY 2,1,solar
POINT (-118.5725 39.2944),7.91,7.91,"{161.0, 13.8}",yellow,FALLON 2,3,solar
POINT (-119.5108 39.5603),19.52,19.6,{161.0},orange,SPARKS 8,3,ng
POINT (-114.9361 35.4797),0.0,0.0,"{161.0, 138.0}",yellow,SEARCHLIGHT,3,solar
POINT (-119.01 39.796),30.29,30.29,{161.0},yellow,FALLON 3,2,solar
POINT (-116.1511 41.4828),18.3,18.3,"{161.0, 138.0, 18.0}",yellow,TUSCARORA,3,solar
POINT (-114.87 36.23),26.49,26.49,"{161.0, 115.0}",yellow,LAS VEGAS 68,3,solar
POINT (-114.9024 36.4306),379.53,558.8399999999999,"{161.0, 13.2, 13.8, 18.0, 345.0}",orange,LAS VEGAS 69,7,ng
POINT (-116.5297 40.7461),55.62,242.0,"{161.0, 1.0, 13.8, 18.0, 345.0}",gray,BATTLE MOUNTAIN 2,5,coal
POINT (-117.8557 39.9663),60.5,60.5,"{345.0, 161.0}",yellow,FALLON 4,2,solar
POINT (-118.9535 39.754),22.46,22.46,{161.0},yellow,FALLON 5,1,solar
POINT (-119.7546 39.3908),24.55,24.55,{161.0},yellow,RENO 22,3,solar
POINT (-117.1516 40.8813),403.18,567.0,"{161.0, 13.8, 20.0, 345.0, 765.0}",gray,VALMY,5,coal
POINT (-116.6175 40.5547),8.34,8.34,"{161.0, 13.8, 1.0}",yellow,CRESCENT VALLEY,4,solar
POINT (-115.0117 36.0417),126.69,127.19999999999999,"{345.0, 161.0}",orange,HENDERSON 15,4,ng
POINT (-114.9933 35.7814),36.83,36.83,"{161.0, 138.0, 13.8, 1.0}",yellow,BOULDER CITY 3,6,solar
POINT (-114.9207 36.3432),23.98,24.07,{161.0},orange,LAS VEGAS 70,2,ng
POINT (-118.5556 39.5475),46.87,46.87,"{161.0, 13.8}",yellow,FALLON 6,4,solar
POINT (-114.9942 35.7889),266.04999999999995,536.01,"{161.0, 1.0, 13.8, 18.0, 345.0}",orange,BOULDER CITY 4,7,ng
POINT (-114.6333 36.6573),293.6,294.8,"{345.0, 161.0, 13.2}",gray,MOAPA 2,3,coal
POINT (-114.8783 36.2253),71.94,72.21000000000001,"{161.0, 18.0, 13.8}",orange,LAS VEGAS 71,3,ng
POINT (-114.9283 35.8719),112.22,112.22,"{345.0, 161.0, 13.8, 1.0}",yellow,BUNKERVILLE 1,5,solar
POINT (-117.4739 40.1808),11.46,11.46,"{161.0, 22.0, 1.0}",yellow,IMLAY,6,solar
POINT (-116.9119 39.5911),23.2,23.2,"{345.0, 161.0, 13.8, 1.0}",yellow,AUSTIN,6,solar
POINT (-114.9817 35.7998),0.0,0.0,{161.0},yellow,BOULDER CITY 5,1,solar
POINT (-114.9218 36.3837),657.2900000000001,977.08,"{161.0, 13.8, 18.0, 345.0, 765.0}",orange,LAS VEGAS 72,10,ng
POINT (-115.0339 36.1375),133.71,222.0,"{345.0, 161.0}",orange,LAS VEGAS 73,2,ng
POINT (-118.3239 38.8367),0.0,0.0,{161.0},yellow,LUNING,1,solar
POINT (-114.4922 39.1042),150.0,150.0,"{345.0, 161.0, 13.8, 1.0}",green,ELY 2,5,wind
POINT (-119.525 39.5625),781.2,947.9,"{161.0, 13.8, 18.0, 345.0, 765.0}",orange,SPARKS 9,11,ng
POINT (-119.7669 39.37),17.51,17.51,{161.0},yellow,RENO 23,1,solar
POINT (-115.0507 36.0875),985.7399999999998,1375.6200000000001,"{161.0, 1.0, 13.8, 18.0, 345.0, 765.0}",orange,LAS VEGAS 74,18,ng
POINT (-114.9606 36.4078),151.59,443.14,"{161.0, 1.0, 13.8, 20.0, 345.0}",orange,LAS VEGAS 75,8,ng
POINT (-114.97 36.39),16.89,16.89,{161.0},yellow,LAS VEGAS 76,1,solar
POINT (-119.0731 39.5858),25.92,25.92,{161.0},yellow,FERNLEY 2,1,solar
POINT (-114.9644 36.3906),17.88,17.88,{161.0},yellow,LAS VEGAS 77,1,solar
POINT (-119.5178 39.5572),190.29000000000002,252.0,{161.0},orange,SPARKS 10,1,ng
POINT (-115.1222 36.2319),217.89999999999998,358.92,"{345.0, 161.0, 13.8, 1.0}",orange,NORTH LAS VEGAS 11,5,ng
POINT (-114.9628 35.7864),42.83,42.83,{161.0},yellow,BOULDER CITY 6,1,solar
POINT (-119.3997 40.3806),6.54,6.54,{161.0},yellow,GERLACH,2,solar
POINT (-114.9609 36.416),457.34999999999997,600.5999999999999,"{345.0, 161.0, 13.8, 1.0}",orange,LAS VEGAS 78,8,ng
POINT (-119.7471 39.3951),23.080000000000002,23.080000000000002,"{161.0, 18.0, 1.0}",yellow,RENO 24,4,solar
POINT (-114.738 36.0155),772.59,772.59,"{24.0, 345.0, 161.0, 13.8}",blue,BUNKERVILLE 2,9,hydro
POINT (-119.1322 39.1281),229.06,230.0,"{345.0, 161.0, 13.8}",orange,YERINGTON 2,4,ng
POINT (-111.3 32.5517),122.5,123.0,"{24.0, 115.0, 500.0, 13.8}",orange,CHANDLER 13,5,ng
POINT (-113.4945 32.9774),302.78,302.78,"{18.0, 115.0, 500.0, 13.8}",yellow,DATELAND 1,5,solar
POINT (-114.1594 35.0361),76.25,121.0,{115.0},orange,GOLDEN VALLEY 2,1,ng
POINT (-110.9313 31.3635),80.67,81.0,"{24.0, 115.0, 500.0, 13.8}",orange,NOGALES 2,4,ng
POINT (-111.9461 33.4394),22.41,22.5,"{1.0, 115.0, 13.8}",orange,TEMPE 8,4,ng
POINT (-111.1618 33.6711),23.96,23.96,{115.0},blue,PHOENIX 71,3,hydro
POINT (-112.2711 35.4156),63.42,63.42,"{1.0, 18.0, 115.0, 500.0}",green,WILLIAMS 3,4,wind
POINT (-112.2714 33.8447),18.16,18.16,{115.0},blue,PEORIA 8,1,hydro
POINT (-112.6658 33.0264),9.99,9.99,"{115.0, 13.8}",yellow,GILA BEND 2,2,solar
POINT (-114.7106 32.7214),278.76,279.91,"{345.0, 115.0, 500.0, 765.0}",orange,YUMA 6,5,ng
POINT (-109.5538 31.3641),0.0,0.0,"{115.0, 13.8}",gray,DOUGLAS 2,2,coal
POINT (-114.5707 35.197),181.72,181.72,"{13.8, 18.0, 115.0, 500.0, 20.0, 345.0}",blue,CHLORIDE 1,8,hydro
POINT (-111.9353 33.3556),368.28999999999996,369.8,"{115.0, 500.0, 13.8, 22.0}",orange,TEMPE 9,10,ng
POINT (-110.35 31.5553),13.6,13.6,{115.0},yellow,FORT HUACHUCA 2,2,solar
POINT (-113.1772 34.5858),0.0,0.0,"{115.0, 13.8}",yellow,BAGDAD 2,2,solar
POINT (-114.5317 34.8678),214.69,472.0,"{1.0, 13.2, 13.8, 18.0, 115.0, 500.0, 765.0}",orange,MOHAVE VALLEY 2,9,ng
POINT (-109.2708 34.5789),430.57000000000005,821.8,"{13.8, 115.0, 500.0, 765.0}",gray,SAINT JOHNS 2,5,coal
POINT (-109.8931 32.0603),404.06,575.14,"{13.8, 18.0, 115.0, 500.0, 22.0, 765.0}",gray,COCHISE,9,coal
POINT (-111.2428 32.3697),15.35,15.35,{115.0},yellow,MARANA 3,1,solar
POINT (-111.4431 33.5536),8.86,8.86,{115.0},blue,PHOENIX 72,2,hydro
POINT (-112.8339 33.305),110.98,110.98,"{18.0, 115.0, 13.8}",yellow,BUCKEYE 4,5,solar
POINT (-110.2842 34.6596),55.28,55.28,{115.0},green,HEBER 4,1,wind
POINT (-111.3886 36.9047),1666.85,2409.3,"{13.8, 18.0, 115.0, 500.0, 22.0, 765.0}",gray,PAGE 2,7,coal
POINT (-112.6614 33.0211),12.48,12.48,{115.0},yellow,GILA BEND 3,3,solar
POINT (-112.904 33.3418),74.89,74.89,{115.0},yellow,TONOPAH 3,1,solar
POINT (-112.1583 33.4417),546.04,840.32,"{13.8, 115.0, 500.0, 765.0}",orange,PHOENIX 73,11,ng
POINT (-111.1262 32.401),53.68,53.9,"{115.0, 500.0}",orange,TUCSON 49,2,ng
POINT (-111.6122 33.2675),15.31,15.31,"{115.0, 13.8}",yellow,QUEEN CREEK 3,2,solar
POINT (-112.2153 33.5561),610.8,613.29,"{1.0, 13.8, 18.0, 115.0, 20.0, 500.0, 24.0}",orange,GLENDALE 23,10,ng
POINT (-111.5033 32.9174),618.15,726.0,"{1.0, 13.8, 18.0, 115.0, 500.0, 22.0, 765.0}",orange,CHANDLER 14,13,ng
POINT (-114.1597 35.0156),5.43,5.43,"{115.0, 13.8}",yellow,GOLDEN VALLEY 3,2,solar
POINT (-112.4275 34.6494),10.31,10.31,{115.0},yellow,PRESCOTT 4,1,solar
POINT (-112.8642 33.345),429.63,461.06,"{18.0, 115.0, 13.8}",orange,ARLINGTON 9,5,ng
POINT (-112.8617 33.3881),4298.76214365543,4209.6,"{13.8, 18.0, 115.0, 500.0, 765.0}",red,PHOENIX 74,7,nuclear
POINT (-112.9559 32.9223),119.09,119.09,"{115.0, 500.0, 13.8}",yellow,GILA BEND 4,4,solar
POINT (-110.9047 32.16),556.23,558.5,"{13.8, 18.0, 115.0, 500.0, 765.0}",gray,TUCSON 50,10,coal
POINT (-114.6541 32.7288),31.17,31.3,{115.0},orange,YUMA 7,1,ng
POINT (-111.9283 33.4172),9.16,9.2,"{115.0, 13.8}",orange,CHANDLER 15,3,ng
POINT (-110.9921 32.2523),84.65,85.0,{115.0},orange,TUCSON 51,1,ng
POINT (-111.7889 32.9042),610.39,646.11,"{18.0, 115.0, 500.0, 13.8}",orange,CASA GRANDE 5,5,ng
POINT (-110.9528 32.2299),8.96,9.0,{115.0},orange,TUCSON 52,1,ng
POINT (-111.484 33.1606),20.0,20.0,"{115.0, 22.0}",yellow,GLOBE 2,3,solar
POINT (-109.1639 34.3186),1172.3700000000001,1324.35,"{13.8, 13.2, 115.0, 500.0, 22.0, 765.0}",gray,SPRINGERVILLE 2,8,coal
POINT (-112.6944 32.975),680.98,1237.98,"{18.0, 115.0, 13.8}",orange,GILA BEND 5,7,ng
POINT (-111.5899 32.9285),602.52,604.98,"{13.8, 18.0, 115.0, 500.0, 22.0, 24.0}",orange,CHANDLER 16,8,ng
POINT (-111.7503 33.3325),1205.1,1326.0,"{1.0, 13.8, 18.0, 115.0, 500.0, 20.0, 24.0, 765.0}",orange,GILBERT 12,11,ng
POINT (-113.1134 33.476),922.9200000000001,1104.25,"{13.8, 18.0, 115.0, 500.0, 22.0, 765.0}",orange,TONOPAH 4,9,ng
POINT (-110.335 34.5032),0.0,0.0,{115.0},yellow,SNOWFLAKE 2,1,solar
POINT (-113.3589 33.0278),9.4,9.4,{115.0},yellow,DATELAND 2,1,solar
POINT (-110.8669 32.1458),6.67,6.67,"{115.0, 13.8}",yellow,TUCSON 53,2,solar
POINT (-111.4839 36.9366),576.96,576.96,"{18.0, 115.0, 500.0, 13.8}",blue,PAGE 3,9,hydro
POINT (-110.3033 34.9394),860.5799999999999,1128.8,"{13.8, 115.0, 500.0, 765.0}",gray,JOSEPH CITY 2,8,coal
POINT (-111.9122 33.4225),218.9,219.79999999999998,"{1.0, 13.8, 18.0, 115.0, 500.0, 20.0}",orange,TEMPE 10,8,ng
POINT (-110.1734 34.6062),49.23,49.23,"{115.0, 500.0}",green,HEBER 5,2,wind
POINT (-111.536 33.5661),10.36,10.36,{115.0},blue,PHOENIX 75,1,hydro
POINT (-114.4287 32.6486),0.0,0.0,{115.0},yellow,YUMA 8,3,solar
POINT (-111.344 33.5907),14.32,14.32,"{115.0, 500.0}",blue,PHOENIX 76,3,hydro
POINT (-112.6944 32.975),821.96,825.32,"{13.8, 18.0, 115.0, 500.0, 765.0}",orange,GILA BEND 6,10,ng
POINT (-110.8997 32.1736),7.63,7.63,{115.0},yellow,TUCSON 54,1,solar
POINT (-112.8406 33.3346),1135.68,1140.3,"{18.0, 115.0, 500.0, 13.8}",orange,ARLINGTON 10,8,ng
POINT (-113.344 33.0257),18.8,18.8,"{1.0, 115.0, 13.8}",yellow,DATELAND 3,4,solar
POINT (-114.738 36.0155),538.0899999999999,538.0899999999999,"{1.0, 13.8, 18.0, 115.0, 500.0, 765.0}",blue,CHLORIDE 2,11,hydro
POINT (-112.8814 32.9408),0.0,0.0,{115.0},yellow,GILA BEND 7,1,solar
POINT (-112.8897 33.3417),84.5,237.67,"{13.8, 18.0, 115.0, 20.0, 500.0}",orange,ARLINGTON 11,5,ng
POINT (-112.7794 33.4936),9.97,9.97,{115.0},yellow,TONOPAH 5,1,solar
POINT (-111.2828 32.3717),15.61,15.61,{115.0},yellow,MARANA 4,1,solar
POINT (-112.8642 33.345),33.95,230.53,"{13.2, 13.8, 115.0, 500.0, 24.0}",orange,ARLINGTON 12,6,ng
POINT (-113.1808 33.3783),11.6,11.6,"{18.0, 115.0}",yellow,TONOPAH 6,2,solar
POINT (-114.1333 35.054),550.98,654.39,"{13.8, 18.0, 115.0, 500.0, 22.0, 345.0}",orange,LAKE HAVASU CITY 4,7,ng
POINT (-112.429 34.7184),0.0,0.0,"{18.0, 115.0}",yellow,CHINO VALLEY 2,3,solar
POINT (-112.6617 33.0347),11.82,11.82,{115.0},yellow,GILA BEND 8,1,solar
POINT (-114.0675 35.1458),7.28,7.28,{115.0},green,KINGMAN 4,1,wind
POINT (-111.7542 40.3317),893.93,930.82,"{161.0, 1.0, 13.8, 13.2, 18.0, 500.0, 20.0, 22.0}",orange,OREM 6,11,ng
POINT (-110.3917 39.5472),57.86,58.1,"{161.0, 500.0}",gray,SUNNYSIDE 2,2,coal
POINT (-111.9038 40.7931),12.45,12.5,{161.0},orange,SALT LAKE CITY 29,1,ng
POINT (-112.0317 40.6667),216.1,217.0,"{161.0, 1.0, 13.8, 500.0, 24.0}",orange,SALT LAKE CITY 30,8,ng
POINT (-112.0521 41.8347),26.93,26.93,"{161.0, 13.8}",blue,COLLINSTON,2,hydro
POINT (-109.2844 40.0864),495.45,499.5,"{161.0, 18.0, 500.0}",gray,VERNAL 3,3,coal
POINT (-112.5802 39.5097),1640.31,1647.0,"{161.0, 13.8, 500.0, 20.0}",gray,DELTA 2,6,coal
POINT (-112.8533 38.4889),43.00000000000001,43.00000000000001,"{161.0, 13.8}",yellow,MILFORD 2,3,solar
POINT (-112.5811 38.5603),10.08,10.08,"{161.0, 18.0}",yellow,BEAVER 2,3,solar
POINT (-111.0289 39.1747),1570.79,1577.19,"{161.0, 18.0, 500.0, 13.8}",gray,CASTLE DALE 2,5,coal
POINT (-111.8935 39.8214),646.3499999999999,648.99,"{161.0, 500.0, 13.8}",orange,MONA 2,6,ng
POINT (-112.935 38.5357),160.85,160.85,"{345.0, 18.0, 161.0, 500.0}",green,MILFORD 3,5,wind
POINT (-111.8853 40.8869),20.18,20.26,"{161.0, 18.0, 13.8}",orange,BOUNTIFUL 3,3,ng
POINT (-110.8644 39.7272),207.76,208.6,"{161.0, 1.0, 13.8, 18.0, 500.0}",gray,HELPER 2,6,coal
POINT (-112.931 38.5852),91.74,91.74,"{161.0, 13.8}",green,MILFORD 4,4,wind
POINT (-111.7294 40.0614),139.44,140.0,"{161.0, 500.0, 13.8, 1.0}",orange,PAYSON 3,5,ng
POINT (-110.5556 41.2874),127.66,127.66,"{161.0, 138.0, 13.8, 500.0, 345.0}",green,EVANSTON 2,8,wind
POINT (-111.89 40.67),13.94,14.0,{161.0},orange,SALT LAKE CITY 31,1,ng
POINT (-112.1225 40.7119),212.95,213.8,"{24.0, 161.0, 500.0, 13.8}",gray,MAGNA 3,5,coal
POINT (-111.9289 40.7686),490.0899999999999,492.0899999999999,"{161.0, 500.0}",orange,SALT LAKE CITY 32,3,ng
POINT (-111.0781 39.3792),516.54,518.65,"{161.0, 18.0, 500.0, 13.8}",gray,HUNTINGTON 2,4,coal
POINT (-112.7339 40.9133),47.79,48.0,"{161.0, 500.0}",orange,GRANTSVILLE 2,3,ng
POINT (-113.5166 37.1121),39.84,40.0,"{161.0, 18.0, 500.0, 1.0}",orange,SAINT GEORGE 5,5,ng
POINT (-109.4217 40.9146),112.22999999999999,112.22999999999999,"{161.0, 138.0, 500.0}",blue,DUTCH JOHN,3,hydro
POINT (-108.4386 36.8006),288.74,1386.0,"{115.0, 500.0, 13.8, 230.0}",gray,WATERFLOW,9,coal
POINT (-107.6131 36.8061),54.620000000000005,54.620000000000005,"{18.0, 115.0, 13.2, 13.8}",blue,FARMINGTON 5,5,hydro
POINT (-107.5093 32.5543),0.0,0.0,{115.0},green,DEMING 2,2,wind
POINT (-108.082 35.4159),255.96,257.0,"{1.0, 230.0, 13.8, 18.0, 115.0, 500.0}",gray,PREWITT,8,coal
POINT (-108.3628 32.6618),15.08,15.14,{115.0},gray,TYRONE,2,coal
POINT (-106.5472 31.8047),370.98,372.48999999999995,"{230.0, 13.8, 18.0, 115.0, 500.0}",orange,SUNLAND PARK 2,8,ng
POINT (-108.698 32.3505),87.64,88.0,{115.0},orange,LORDSBURG 1,2,ng
POINT (-106.4642 35.3844),29.88,30.0,{115.0},orange,ALGODONES 2,2,ng
POINT (-107.7834 32.2993),431.58,433.34,"{230.0, 13.8, 18.0, 115.0, 500.0}",orange,DEMING 3,7,ng
POINT (-106.7322 34.6115),158.85,159.5,"{1.0, 230.0, 13.8, 18.0, 115.0}",orange,BELEN 2,5,ng
POINT (-106.6733 31.7928),27.05,27.05,"{18.0, 115.0, 13.8}",yellow,LA MESA 5,4,solar
POINT (-106.644 35.026),163.02999999999997,163.7,"{18.0, 115.0, 13.8, 230.0}",orange,ALBUQUERQUE 30,4,ng
POINT (-105.9625 34.4667),100.0,100.0,"{115.0, 230.0}",green,WILLARD 2,3,wind
POINT (-107.3828 35.2689),92.38,92.38,"{1.0, 230.0, 13.8, 115.0, 20.0}",green,CUBERO,5,wind
POINT (-107.9417 36.7367),90.84,91.19999999999999,"{1.0, 18.0, 115.0, 230.0}",orange,BLOOMFIELD 2,4,ng
POINT (-108.1225 32.6956),53.78,54.0,"{1.0, 115.0, 13.8, 230.0}",orange,HURLEY,6,ng
POINT (-108.5494 32.2363),138.93,139.5,"{115.0, 230.0}",orange,LORDSBURG 2,2,ng
POINT (-106.8465 32.1142),285.84,287.0,"{18.0, 115.0, 13.8, 230.0}",orange,LA MESA 6,4,ng
POINT (-108.4814 36.69),1103.26,1636.2,"{230.0, 13.8, 115.0, 500.0, 24.0}",gray,FRUITLAND 2,6,coal
POINT (-107.48 32.57),71.13,71.13,"{115.0, 230.0}",yellow,DEMING 4,3,solar
POINT (-108.2153 36.7166),91.22999999999999,91.6,{115.0},orange,FARMINGTON 6,2,ng
POINT (-106.6019 35.171),153.35999999999999,153.99,"{115.0, 500.0, 230.0}",orange,ALBUQUERQUE 31,3,ng
POINT (-103.259 40.941),0.0,0.0,"{18.0, 115.0, 500.0, 230.0}",green,PEETZ 1,5,wind
POINT (-102.8969 40.9881),134.82,134.82,"{115.0, 500.0, 230.0}",green,PEETZ 2,3,wind
POINT (-104.6875 38.5569),151.51000000000002,228.0,"{1.0, 230.0, 13.8, 115.0, 500.0}",orange,FOUNTAIN 3,6,ng
POINT (-104.0206 40.8944),180.88,180.88,"{1.0, 230.0, 138.0, 13.8, 115.0, 500.0}",green,GROVER,8,wind
POINT (-103.6781 39.4218),167.95,167.95,"{24.0, 115.0, 500.0, 230.0}",green,LIMON 2,5,wind
POINT (-103.436 40.986),167.96,167.96,"{115.0, 500.0, 13.8, 230.0}",green,PEETZ 3,4,wind
POINT (-104.5747 38.2081),1628.67,1635.3000000000002,"{1.0, 230.0, 13.8, 115.0, 500.0, 22.0}",gray,PUEBLO 12,8,coal
POINT (-103.5732 39.381),200.0,200.0,"{18.0, 115.0, 500.0, 230.0}",green,LIMON 3,5,wind
POINT (-104.7736 40.0986),395.28,396.9,"{115.0, 500.0, 230.0}",orange,FORT LUPTON 2,4,ng
POINT (-105.202 40.0195),249.98,251.0,"{115.0, 500.0, 13.8, 230.0}",gray,BOULDER 9,5,coal
POINT (-102.2431 39.3561),128.88,129.4,"{115.0, 500.0, 230.0}",gray,BURLINGTON 4,3,coal
POINT (-104.8742 40.2461),254.9,611.24,"{230.0, 13.8, 18.0, 115.0, 500.0, 20.0, 24.0, 345.0}",orange,PLATTEVILLE 2,12,ng
POINT (-105.8947 37.4594),37.519999999999996,53.2,"{115.0, 230.0}",orange,ALAMOSA 2,2,ng
POINT (-102.5379 38.0333),43.32,43.5,{115.0},gray,LAMAR 2,1,coal
POINT (-102.8622 37.6735),98.05,98.05,"{1.0, 115.0, 13.8, 230.0}",green,LAMAR 3,7,wind
POINT (-107.185 40.4856),463.5,465.4,"{115.0, 500.0, 13.8, 230.0}",gray,HAYDEN 2,5,coal
POINT (-103.7839 40.9475),250.8,250.8,"{115.0, 500.0, 20.0, 230.0}",green,NEW RAYMER,4,wind
POINT (-104.6814 39.7479),153.43,397.8,"{230.0, 18.0, 115.0, 500.0, 22.0}",orange,AURORA 19,6,ng
POINT (-103.4742 39.3533),139.82,139.82,"{115.0, 13.8, 230.0}",green,VONA,3,wind
POINT (-105.3251 40.3651),38.2,38.2,{115.0},blue,LOVELAND 5,2,hydro
POINT (-104.9645 39.8073),583.92,586.3099999999998,"{230.0, 13.8, 18.0, 115.0, 500.0}",gray,DENVER 55,7,coal
POINT (-103.631 40.2415),190.2,251.64999999999998,"{115.0, 230.0}",orange,BRUSH 2,3,ng
POINT (-108.5069 38.2383),113.32,113.8,"{161.0, 115.0, 500.0, 230.0}",gray,NUCLA,4,coal
POINT (-105.7088 39.6551),240.57,240.57,"{1.0, 230.0, 13.8, 18.0, 115.0, 500.0}",blue,GEORGETOWN,10,hydro
POINT (-103.6803 40.2217),550.06,552.3,"{115.0, 500.0, 20.0, 230.0}",gray,BRUSH 3,4,coal
POINT (-104.682 39.9411),153.58,154.2,"{1.0, 230.0, 18.0, 115.0, 500.0}",orange,COMMERCE CITY 3,5,ng
POINT (-102.6231 37.7033),142.31,142.31,"{18.0, 115.0, 500.0, 230.0}",green,LAMAR 4,5,wind
POINT (-104.8169 38.8814),0.0,0.0,"{115.0, 13.2, 22.0}",orange,COLORADO SPRINGS 33,3,ng
POINT (-107.6253 38.5106),27.740000000000002,27.740000000000002,{115.0},blue,MONTROSE 3,1,hydro
POINT (-103.7005 39.2038),39.32,154.2,"{1.0, 230.0, 18.0, 115.0, 500.0}",orange,LIMON 4,7,ng
POINT (-105.226 39.8575),75.68,76.0,{115.0},orange,ARVADA 9,1,ng
POINT (-104.7058 38.6335),281.46,282.6,"{18.0, 115.0, 13.8}",gray,FOUNTAIN 4,4,coal
POINT (-103.5811 39.3414),175.68,175.68,"{24.0, 115.0, 230.0}",green,LIMON 5,5,wind
POINT (-105.236 40.365),66.39,66.39,"{115.0, 230.0}",blue,LYONS 3,2,hydro
POINT (-104.5264 38.3208),267.12,366.6499999999999,"{1.0, 230.0, 13.8, 18.0, 115.0, 500.0, 20.0, 24.0}",orange,PUEBLO 13,12,ng
POINT (-106.3327 39.8788),30.7,30.7,"{115.0, 13.8}",blue,KREMMLING 2,4,hydro
POINT (-105.9276 37.6945),45.919999999999995,45.919999999999995,"{115.0, 500.0, 230.0}",yellow,MOSCA,3,solar
POINT (-107.5393 38.4518),81.5,81.5,"{115.0, 500.0, 13.8, 230.0}",blue,MONTROSE 4,6,hydro
POINT (-105.017 39.7373),74.7,75.0,{115.0},orange,DENVER 56,1,ng
POINT (-107.3375 38.4532),26.08,26.08,{115.0},blue,MONTROSE 5,2,hydro
POINT (-103.685 40.2171),0.0,0.0,"{115.0, 13.8}",orange,BRUSH 4,3,ng
POINT (-102.7431 40.7569),76.25,76.25,"{1.0, 115.0, 13.8, 230.0}",green,FLEMING,6,wind
POINT (-102.3533 39.3383),39.82,39.82,{115.0},green,BURLINGTON 5,3,wind
POINT (-105.2009 40.0205),92.73,93.1,{115.0},orange,BOULDER 10,2,ng
POINT (-106.3523 39.0942),78.85,78.85,"{115.0, 500.0, 230.0}",blue,LEADVILLE 2,3,hydro
POINT (-104.5953 40.0908),520.52,685.11,"{230.0, 13.2, 13.8, 115.0, 500.0}",orange,KEENESBURG 2,6,ng
POINT (-105.0018 39.6692),73.31,129.34,"{230.0, 13.8, 13.2, 115.0, 500.0, 22.0}",orange,DENVER 57,8,ng
POINT (-104.796 40.0922),57.56,100.8,{115.0},orange,FORT LUPTON 3,3,ng
POINT (-107.7299 39.5173),68.31,68.6,"{115.0, 500.0, 230.0}",orange,RIFLE 2,3,ng
POINT (-105.2256 39.8586),58.56,58.800000000000004,"{115.0, 230.0}",orange,ARVADA 10,2,ng
POINT (-104.8333 38.8244),255.95999999999998,257.01,"{115.0, 500.0, 230.0}",gray,COLORADO SPRINGS 34,3,coal
POINT (-105.5097 40.3768),34.019999999999996,34.019999999999996,"{115.0, 13.8}",blue,ESTES PARK 2,3,hydro
POINT (-104.8878 40.0922),48.16,197.0,"{230.0, 13.8, 115.0, 500.0, 24.0}",orange,FREDERICK,7,ng
POINT (-102.9647 40.983),0.0,0.0,{115.0},green,PEETZ 4,2,wind
POINT (-107.5912 40.4627),1421.81,1427.6100000000001,"{1.0, 230.0, 13.8, 18.0, 115.0, 500.0}",gray,CRAIG 2,8,coal
POINT (-103.0772 40.9642),65.35,65.35,{115.0},green,PEETZ 5,1,wind
POINT (-104.7069 38.6281),214.25,360.66,"{1.0, 230.0, 13.8, 18.0, 115.0, 500.0}",orange,FOUNTAIN 5,8,ng
POINT (-105.0212 40.8609),797.1600000000001,800.4000000000001,"{1.0, 230.0, 138.0, 13.8, 18.0, 115.0, 500.0, 345.0}",gray,WELLINGTON 4,13,coal
POINT (-105.7769 42.8378),27.14,230.55,"{138.0, 13.8, 18.0, 24.0, 345.0}",gray,GLENROCK 2,8,coal
POINT (-105.7872 42.9258),185.19,185.19,"{138.0, 13.8}",green,GLENROCK 3,2,wind
POINT (-105.3833 44.2858),37.25,88.0,{138.0},gray,GILLETTE 3,2,coal
POINT (-105.024 41.1297),53.9,53.9,{138.0},green,CHEYENNE 6,3,wind
POINT (-105.3833 44.2856),24.169999999999998,120.0,{138.0},gray,GILLETTE 4,1,coal
POINT (-106.7959 42.4766),63.17,63.17,{138.0},blue,ALCOVA 1,1,hydro
POINT (-106.0111 41.6751),111.09,111.09,"{345.0, 138.0, 13.8}",green,ROCK RIVER 1,5,wind
POINT (-105.4608 44.3889),113.47,483.7,"{345.0, 138.0, 18.0, 1.0}",gray,WRIGHT 2,5,coal
POINT (-110.5983 41.7581),316.28999999999996,831.99,"{345.0, 138.0, 161.0, 13.8}",gray,KEMMERER 2,6,coal
POINT (-106.1805 41.6744),82.78999999999999,82.78999999999999,{138.0},green,ROCK RIVER 2,2,wind
POINT (-110.4807 41.2881),48.17,48.17,"{138.0, 13.8}",green,MOUNTAIN VIEW 6,2,wind
POINT (-105.3815 44.2901),96.09,402.3,"{345.0, 138.0, 13.8}",gray,GILLETTE 5,3,coal
POINT (-104.72 41.1236),35.53,139.99,"{1.0, 230.0, 138.0, 13.8, 115.0, 345.0}",orange,CHEYENNE 7,10,ng
POINT (-106.1603 42.0436),75.68,75.68,"{138.0, 13.8}",green,MEDICINE BOW 1,2,wind
POINT (-109.8119 41.6217),6.870000000000001,27.32,{138.0},gray,GREEN RIVER 3,1,coal
POINT (-105.999 43.0145),0.0,0.0,"{138.0, 18.0, 13.8}",green,GLENROCK 4,3,wind
POINT (-108.7875 41.7378),765.06,2441.92,"{345.0, 138.0, 18.0, 13.8}",gray,POINT OF ROCKS,8,coal
POINT (-105.8543 43.0572),87.22,87.22,"{138.0, 13.8}",green,GLENROCK 5,2,wind
POINT (-106.7175 42.5484),45.55,45.55,"{345.0, 138.0, 18.0, 13.8}",blue,ALCOVA 2,6,hydro
POINT (-105.3786 44.285),34.11,107.5,{138.0},orange,GILLETTE 6,1,ng
POINT (-110.5444 41.2639),0.0,0.0,{138.0},green,MOUNTAIN VIEW 7,2,wind
POINT (-104.8825 42.1089),439.38000000000005,1710.0,"{138.0, 13.8, 18.0, 20.0, 345.0}",gray,WHEATLAND 2,5,coal
POINT (-105.3806 44.2919),38.6,116.2,"{138.0, 13.8}",gray,GILLETTE 7,2,coal
POINT (-106.3758 41.9203),97.77,97.77,{138.0},green,MEDICINE BOW 2,2,wind
POINT (-105.8353 43.0181),72.0,72.0,"{138.0, 13.8}",green,GLENROCK 6,3,wind
POINT (-106.9085 42.1561),62.91,62.91,{138.0},blue,SINCLAIR,1,hydro
POINT (-105.3811 44.2919),0.0,0.0,"{138.0, 13.8}",gray,GILLETTE 8,4,coal
POINT (-110.0904 41.8805),46.290000000000006,108.0,"{138.0, 18.0, 13.8}",orange,KEMMERER 3,4,ng
POINT (-111.2058 43.3348),81.21000000000001,81.21000000000001,"{1.0, 138.0, 13.8, 18.0, 345.0}",blue,IRWIN,7,hydro
POINT (-114.9036 42.8416),59.15,59.15,"{1.0, 138.0, 13.8}",blue,HAGERMAN 1,4,hydro
POINT (-115.6666 43.1472),182.45999999999998,183.20000000000002,"{138.0, 18.0, 13.8}",orange,MOUNTAIN HOME 2,4,ng
POINT (-116.9203 47.7858),300.28,301.5,"{345.0, 138.0, 13.8, 1.0}",orange,RATHDRUM 2,6,ng
POINT (-116.9764 46.4231),89.02000000000001,89.02000000000001,"{345.0, 138.0, 13.8, 1.0}",yellow,LEWISTON 4,5,solar
POINT (-116.0583 43.528),94.92,94.92,"{345.0, 138.0, 13.8}",blue,BOISE 14,5,hydro
POINT (-115.7343 43.1792),179.86,180.6,"{345.0, 138.0}",orange,MOUNTAIN HOME 3,2,ng
POINT (-111.8294 43.4195),50.07,50.07,{138.0},green,IDAHO FALLS 7,1,wind
POINT (-115.0172 42.8744),23.35,23.35,{138.0},green,HAGERMAN 2,2,wind
POINT (-116.3791 43.2435),26.07,26.07,{138.0},blue,KUNA 2,1,hydro
POINT (-114.9886 42.7708),25.990000000000002,25.990000000000002,"{1.0, 138.0, 13.8}",green,HAGERMAN 3,5,wind
POINT (-116.0531 48.0844),174.62,174.62,"{138.0, 13.8, 13.2, 20.0, 345.0}",blue,CLARK FORK,6,hydro
POINT (-116.8673 47.8043),165.72,166.4,{138.0},orange,RATHDRUM 3,4,ng
POINT (-113.4832 42.6699),8.83,8.83,"{1.0, 138.0, 13.8}",blue,RUPERT 2,6,hydro
POINT (-116.8975 44.8367),358.2,358.2,"{345.0, 138.0, 18.0, 13.8}",blue,CAMBRIDGE,7,hydro
POINT (-115.0108 42.8253),38.96,38.96,"{345.0, 138.0, 13.8, 22.0}",green,HAGERMAN 4,4,wind
POINT (-115.071 42.9138),45.31,45.31,{138.0},blue,BLISS,1,hydro
POINT (-112.9019 42.6747),0.0,0.0,"{138.0, 18.0}",green,AMERICAN FALLS 2,2,wind
POINT (-116.5574 48.9595),20.189999999999998,20.189999999999998,"{138.0, 18.0, 13.8}",blue,PONDERAY,4,hydro
POINT (-112.0625 43.4687),13.030000000000001,13.030000000000001,{138.0},blue,IDAHO FALLS 8,2,hydro
POINT (-115.4005 43.0281),57.629999999999995,57.629999999999995,{138.0},green,GLENNS FERRY 1,1,wind
POINT (-111.7264 43.3864),48.32,48.32,{138.0},green,IONA 1,1,wind
POINT (-116.2977 46.5143),208.57999999999998,208.57999999999998,"{345.0, 138.0, 13.8, 1.0}",blue,AHSAHKA,7,hydro
POINT (-111.8039 43.5244),100.14,100.14,"{138.0, 18.0}",green,IDAHO FALLS 9,2,wind
POINT (-115.452 43.0566),0.0,0.0,"{138.0, 13.8}",green,GLENNS FERRY 2,3,wind
POINT (-111.7485 42.2678),12.6,12.6,{138.0},blue,PRESTON 2,3,hydro
POINT (-114.9897 42.8406),19.73,19.73,"{1.0, 138.0, 13.8, 18.0, 20.0}",green,HAGERMAN 5,8,wind
POINT (-115.4826 43.0338),47.419999999999995,47.419999999999995,"{345.0, 138.0}",green,GLENNS FERRY 3,2,wind
POINT (-115.4515 43.3571),16.3,16.3,"{138.0, 13.8}",blue,MOUNTAIN HOME 4,3,hydro
POINT (-116.9986 48.1802),21.490000000000002,21.490000000000002,"{138.0, 13.2, 13.8}",blue,OLDTOWN,3,hydro
POINT (-112.7486 42.7389),35.47,35.47,{138.0},green,AMERICAN FALLS 3,1,wind
POINT (-113.3825 42.0994),26.450000000000003,26.450000000000003,"{138.0, 13.8}",yellow,MALTA 1,3,solar
POINT (-115.9779 42.9449),50.37,50.37,{138.0},blue,BRUNEAU,1,hydro
POINT (-111.8364 43.4671),88.0,88.0,"{345.0, 138.0, 13.8}",green,IONA 2,3,wind
POINT (-112.8764 42.7778),59.49,59.49,"{345.0, 138.0, 13.8, 1.0}",blue,AMERICAN FALLS 4,6,hydro
POINT (-111.794 42.5367),12.05,12.05,"{345.0, 138.0, 161.0}",blue,GRACE 2,4,hydro
POINT (-114.3553 42.5892),43.09,43.09,"{138.0, 13.8}",blue,KIMBERLY 2,2,hydro
POINT (-114.0369 42.5268),38.12,38.12,"{345.0, 138.0}",blue,MURTAUGH,3,hydro
POINT (-116.8197 43.9044),317.2,318.5,"{345.0, 138.0, 13.8}",orange,NEW PLYMOUTH,5,ng
POINT (-114.9247 42.7674),23.03,23.03,"{138.0, 18.0, 22.0}",blue,HAGERMAN 6,3,hydro
POINT (-115.0367 42.88),26.93,26.93,{138.0},green,HAGERMAN 7,1,wind
POINT (-113.9266 42.4903),19.75,19.75,{138.0},green,BURLEY 2,2,wind
POINT (-115.3143 48.4098),404.66999999999996,404.66999999999996,"{138.0, 13.8, 13.2, 20.0, 24.0, 345.0}",blue,LIBBY 2,8,hydro
POINT (-112.8766 46.1047),134.84,135.4,"{345.0, 138.0, 18.0, 13.8}",orange,ANACONDA 2,5,ng
POINT (-106.6547 45.9752),0.0,0.0,"{138.0, 13.8}",gray,COLSTRIP 1,2,coal
POINT (-111.2614 47.5213),9.67,9.67,{138.0},blue,GREAT FALLS 6,2,hydro
POINT (-112.1097 48.51),0.0,0.0,"{345.0, 138.0, 18.0}",green,FAIRFIELD 5,4,wind
POINT (-110.0872 46.4494),5.79,5.79,"{138.0, 13.8}",green,TWO DOT,3,wind
POINT (-108.481 45.7756),172.1,172.8,"{1.0, 138.0, 13.8, 18.0, 345.0}",gray,BILLINGS 8,5,coal
POINT (-107.9575 45.3074),119.05000000000001,119.05000000000001,"{345.0, 138.0, 18.0, 13.8}",blue,HARDIN 2,7,hydro
POINT (-114.0144 48.3415),281.17,281.17,"{345.0, 138.0, 18.0, 13.8}",blue,HUNGRY HORSE,7,hydro
POINT (-111.7279 46.649),30.4,30.4,"{345.0, 138.0}",blue,HELENA 4,3,hydro
POINT (-111.9653 47.7233),7.23,7.23,{138.0},green,FAIRFIELD 6,1,wind
POINT (-114.2339 47.6777),158.74,158.74,"{1.0, 138.0, 13.8, 18.0, 22.0, 345.0}",blue,POLSON 2,7,hydro
POINT (-106.4123 48.0122),141.72,141.72,"{1.0, 138.0, 18.0, 13.8}",blue,GLASGOW 2,8,hydro
POINT (-108.4278 45.8117),67.72,68.0,"{138.0, 13.2}",gray,BILLINGS 9,2,coal
POINT (-109.4828 46.2753),14.219999999999999,14.219999999999999,"{138.0, 13.8}",green,SHAWMUT,3,wind
POINT (-115.3582 47.5932),67.51,67.51,"{345.0, 138.0}",blue,THOMPSON FALLS 2,2,hydro
POINT (-106.614 45.8831),1506.97,2272.0,"{1.0, 138.0, 13.8, 18.0, 345.0}",gray,COLSTRIP 2,9,coal
POINT (-112.5194 45.9293),39.36,45.75,"{345.0, 138.0, 13.8, 1.0}",orange,BUTTE 3,4,ng
POINT (-111.2045 47.5344),57.69,57.69,{138.0},blue,GREAT FALLS 7,1,hydro
POINT (-111.195 47.5375),44.96,44.96,"{345.0, 138.0}",blue,GREAT FALLS 8,2,hydro
POINT (-112.0047 46.9915),32.83,32.83,{138.0},blue,WOLF CREEK,2,hydro
POINT (-115.7336 47.9539),221.89,221.89,"{345.0, 138.0, 13.8}",blue,NOXON,7,hydro
POINT (-112.1847 48.5333),78.36,78.36,"{138.0, 13.8}",green,FAIRFIELD 7,3,wind
POINT (-107.6 45.7578),115.23,115.7,"{1.0, 138.0, 13.2, 13.8, 345.0}",gray,HARDIN 3,5,coal
POINT (-112.1033 48.8203),180.65,180.65,"{345.0, 138.0, 18.0}",green,KEVIN,3,wind
POINT (-111.0344 47.5517),7.31,42.6,{138.0},orange,GREAT FALLS 9,1,ng
POINT (-111.1225 47.5699),37.239999999999995,37.239999999999995,{138.0},blue,GREAT FALLS 10,3,hydro
POINT (-111.0609 47.5817),22.54,22.54,{138.0},blue,GREAT FALLS 11,2,hydro
POINT (-106.375 31.7569),0.0,0.0,{115.0},orange,EL PASO 36,1,ng
POINT (-106.4318 31.9836),814.66,818.02,"{1.0, 230.0, 13.8, 115.0, 500.0, 22.0, 24.0}",orange,EL PASO 37,14,ng
POINT (-106.4275 31.9783),6.67,6.67,{115.0},yellow,EL PASO 38,1,solar
